sponsor,sponsor_experience,offering,offering_city,offering_state,property_type,investment_structure,investment_profile,targeted_investor_irr_pct,targeted_investor_equity_multiple,targeted_avg_annual_cash_yield_pct,targeted_distribution_period,targeted_investment_period_years,targeted_first_distribution_date,preferred_return_pct,minimum_investment_dollars,loan_to_cost_pct,investor_accreditation,1031_exchange,opportunity_zone,date_funds_due,date_closed,offering_status,first_distribution_period_end_date,first_distribution_payment_date,last_distribution_period_end_date,last_distribution_payment_date,last_tax_document_date,realized_investor_equity_multiple,realized_avg_annual_cash_yield_pct
crowdstreet investments,blended,crowdstreet blended portfolio - series v,multiple,or,multi-use,equity,value add,18.0,2.0,6.0,Quarterly,8.0,,8.0,25000,63.0,accredited investors only,no,no,,,funding,,,,,,,
crowdstreet advisors,blended,private managed accounts by crowdstreet advisors,portland,or,multi-use,equity,value add,,,,Quarterly,,,,250000,,accredited investors only,no,no,,,funding,,,,,,,
crowdstreet advisors,blended,crowdstreet opportunity zone portfolio,multiple,multiple,multi-use,equity,opportunistic,10.0,2.0,6.0,Quarterly,10.0,,,100000,,accredited investors only,no,yes,2019-11-07,2019-11-04,funding,,,,,,,
trion properties,seasoned,meadows apartments,newark,ca,multifamily,equity,value add,15.9,1.5,4.2,Quarterly,3.0,,8.0,50000,65.2,accredited investors only,no,no,2019-11-05,2019-11-01,funding,,,,,,,
capstone realty group,tenured,1700 palm beach lakes,west palm beach,fl,office,equity,value add,19.1,2.0,8.7,Quarterly,4.0,,12.5,25000,,accredited investors only,no,no,2019-10-30,,funding,,,,,,,
westpac,tenured,elevation at okemos (ph ii),okemos,mi,multifamily,equity,development,18.0,1.6,21.1,Quarterly,3.0,,,25000,74.5,accredited investors only,no,no,2019-11-29,2019-11-26,funding,,,,,,,
cascadia senior living & development,seasoned,fieldstone memory care - puyallup,puyallup,wa,senior housing,equity,development,22.5,1.8,4.8,Quarterly,3.0,,8.0,25000,,accredited investors only,no,no,2019-11-29,2019-11-26,funding,,,,,,,
one real estate investment,seasoned,axiom apartments charlotte,charlotte,nc,multifamily,equity,core plus,14.7,1.9,9.1,Quarterly,5.0,,8.0,25000,70.8,accredited investors only,no,no,2019-11-08,2019-11-05,funding,,,,,,,
ssi,tenured,61 state street,charleston,sc,hospitality,equity,value add,17.4,1.9,7.9,Quarterly,5.0,,8.0,50000,50.0,accredited investors only,no,no,2019-11-15,2019-11-12,funding,,,,,,,
middleburg real estate partners,tenured,mosby riverlights,wilmington,nc,multifamily,equity,development,20.4,1.7,7.2,Quarterly,3.0,,,25000,75.2,accredited investors only,no,no,2019-11-08,2019-11-05,funding,,,,,,,
flywheel capital partners,emerging,colorado springs office portfolio,colorado springs,co,office,equity,core plus,18.6,2.1,11.3,Quarterly,5.0,,,25000,60.2,accredited investors only,no,no,2019-10-25,2019-10-22,closed,,,,,,,
block funds,tenured,villas at waterside,lenexa,ks,multifamily,equity,opportunistic,13.5,3.6,8.4,Quarterly,12.0,,8.0,25000,70.0,accredited investors only,no,no,2019-11-01,2019-10-22,closed,,,,,,,
bridgeview,seasoned,bv multifamily fund i,multiple,multiple,multi-use,equity,opportunistic,22.0,2.88,8.0,Quarterly,7.0,2018-02-01,8.0,25000,80.98,accredited investors only,no,no,2019-10-25,2019-10-21,closed,2017-12-31,2017-12-07,2019-06-30,2019-08-01,2019-05-17,0.03,
block funds,tenured,westowne center retail,west des moines,ia,multifamily,equity,core plus,19.4,2.2,10.2,Quarterly,5.0,,,25000,63.6,accredited investors only,no,no,2019-10-28,2019-10-18,closed,,,,,,,
liquid capital,emerging,avia riverside apartments,roswell,ga,multifamily,equity,value add,18.9,1.9,13.2,Quarterly,5.0,,8.0,25000,61.4,accredited investors only,no,no,2019-10-15,2019-10-11,closed,,,,,,,
vertical ventures,seasoned,vertical ventures fund i,greater sf bay area,ca,multi-use,equity,opportunistic,19.0,2.0,7.0,Quarterly,7.0,,,100000,,accredited investors only,no,no,,,funding,,,,,,,
mcfarlin group,seasoned,the ivy of mckinney,mckinney,tx,senior housing,equity,value add,19.1,2.0,6.3,Quarterly,4.0,,10.0,25000,73.2,accredited investors only,no,no,2019-10-25,2019-10-07,closed,,,,,,,
crowdstreet investments,blended,crowdstreet blended portfolio - summer 2019,multiple,multiple,multi-use,equity,value add,18.0,2.5,6.0,Quarterly,8.0,,8.0,25000,66.7,accredited investors only,no,no,2019-10-10,2019-10-03,closed,,,,,,,
trueline capital,emerging,trueline capital fund ii,pacific northwest,multiple,multifamily,debt,core plus,11.0,1.2,8.0,Monthly,2.0,,8.0,25000,,accredited investors only,no,no,,2019-10-01,closed,2016-01-31,2016-01-07,2019-09-30,2019-10-16,2019-05-28,0.21,
gwr equities,seasoned,trails at city park,houston,tx,multifamily,equity,value add,15.2,2.5,7.0,Monthly,7.0,,9.0,25000,74.5,accredited investors only,no,no,2019-11-08,2019-11-05,funding,,,,,,,
rhodium capital advisors,seasoned,summit ridge apartments,charlotte,nc,multifamily,equity,value add,19.8,1.9,17.4,Quarterly,5.0,,8.0,40000,62.3,accredited investors only,no,no,2019-10-07,2019-09-27,closed,2019-09-30,2019-10-10,2019-09-30,2019-10-10,,0.01,
denholtz properties,tenured,deerfield corporate park,deerfield beach,fl,office,equity,core plus,15.0,1.9,11.1,Quarterly,5.0,,8.0,25000,67.6,accredited investors only,no,no,2019-10-10,2019-09-25,closed,,,,,,,
insite group,tenured,holiday inn & suites across from universal orlando,orlando,fl,hospitality,equity,value add,18.5,2.1,13.9,Quarterly,5.0,,,25000,63.1,accredited investors only,no,no,2019-10-04,2019-09-23,closed,,,,,,,
emerald equity group,seasoned,the crest at princeton meadows,plainsboro,nj,multifamily,equity,core plus,16.0,2.3,12.7,Quarterly,7.0,2020-01-15,8.0,25000,77.1,accredited investors only,no,no,2019-09-19,2019-09-16,closed,,,,,,,
prp,tenured,nobu restaurant dc,washington,dc,retail,equity,value add,14.3,1.8,8.8,Quarterly,5.0,2019-12-31,8.0,25000,55.9,accredited investors only,no,no,2019-09-20,2019-09-06,closed,,,,,,,
rhodium capital advisors,seasoned,the willows apartments,kileen,tx,multifamily,equity,value add,18.0,1.8,15.4,Quarterly,5.0,,8.0,40000,50.0,accredited investors only,no,no,2019-09-06,2019-09-05,closed,2019-09-30,2019-10-10,2019-09-30,2019-10-10,,0.01,
driftwood,tenured,ft. lauderdale opportunity zone hotel,fort lauderdale,fl,hospitality,equity,development,12.7,2.5,8.4,Quarterly,10.0,,,50000,51.89,accredited investors only,no,yes,2019-10-31,2019-10-29,funding,,,,,,,
phoenix development,seasoned,226 w. jackson: dual branded hilton canopy and garden inn,chicago,il,hospitality,equity,opportunistic,24.1,4.2,11.9,Quarterly,7.0,2023-04-30,10.0,25000,75.6,accredited investors only,no,no,2019-09-19,2019-09-05,closed,,,,,,,
presidio companies,tenured,home2 suites,west sacramento,ca,hospitality,equity,development,18.6,3.5,22.3,Quarterly,10.0,,10.0,50000,80.0,accredited investors only,no,yes,2019-09-18,2019-08-27,closed,,,,,,,
guefen development,tenured,haven at denton,denton,tx,multifamily,equity,opportunistic,20.6,1.8,4.8,Quarterly,3.0,,8.0,25000,65.2,accredited investors only,no,no,2019-08-28,2019-08-27,closed,,,,,,,
cooper street capital,emerging,cascade apartments,austin,tx,multifamily,equity,value add,19.5,1.7,8.7,Quarterly,3.0,2020-03-31,10.0,25000,76.6,accredited investors only,no,no,2019-09-10,2019-08-21,closed,,,,,,,
redwood capital group,tenured,briarbrook village,wheaton,il,multifamily,equity,value add,15.0,2.1,8.1,Quarterly,7.0,,8.0,25000,63.6,accredited investors only,no,no,2019-08-23,2019-08-21,closed,2019-09-30,2019-10-16,2019-09-30,2019-10-16,,0.01,
rad urban,seasoned,garden village,berkeley,ca,multifamily,equity,core plus,14.64,2.7,7.0,Quarterly,8.0,,,25000,74.8,accredited investors only,no,no,2019-09-05,2019-08-19,closed,,,,,,,
unison realty partners,seasoned,chatham crossing,chapel hill,nc,retail,equity,core plus,14.3,1.8,9.9,Quarterly,5.0,,8.0,25000,67.6,accredited investors only,no,no,2019-08-22,2019-08-19,closed,,,,,,,
feldman equities,tenured,castille at carillon,tampa bay,fl,office,equity,core plus,14.3,1.8,9.1,Quarterly,5.0,,9.0,25000,72.0,accredited investors only,no,no,2019-09-05,2019-08-19,closed,2019-09-30,2019-10-10,2019-09-30,2019-10-10,,0.01,
hunt properties inc,tenured,windmill ranch,odessa,tx,multifamily,equity,development,22.4,1.8,7.1,Quarterly,3.0,,8.0,25000,70.0,accredited investors only,no,no,2019-08-28,2019-08-16,closed,,,,,,,
stonemark housing partners,seasoned,villas at riverside,austell,ga,multifamily,equity,value add,19.0,2.0,6.5,Quarterly,4.0,2019-08-15,8.0,50000,70.0,accredited investors only,no,no,2019-08-13,2019-08-09,closed,,,,,,,
stanton road capital,seasoned,tricentre office,orange county,ca,office,equity,value add,15.6,1.8,6.9,Quarterly,4.0,,8.0,25000,70.0,accredited investors only,no,no,2019-07-31,2019-08-09,closed,,,,,,,
parkway acquisitions,enterprise,100 edgewood,atlanta,ga,office,equity,opportunistic,15.0,2.8,21.4,Quarterly,10.0,2023-07-31,9.0,25000,64.7,accredited investors only,no,yes,2019-08-28,2019-08-08,closed,,,,,,,
suncroft,seasoned,staybridge suites myrtle beach,myrtle beach,sc,hospitality,equity,core plus,15.2,1.9,10.0,Quarterly,5.0,,10.0,25000,38.03,accredited investors only,no,no,2019-08-05,2019-08-05,closed,,,,,,,
the 601w companies,enterprise,abbey woods,danbury,ct,multifamily,equity,value add,18.4,2.2,7.0,Quarterly,5.0,,7.0,25000,72.2,accredited investors only,no,no,2019-08-09,2019-07-31,closed,2019-08-17,2019-08-22,2019-10-17,2019-10-16,,0.01,
arroyobel asset advisors,emerging,baseline professional medical center,gilbert,az,office,equity,value add,16.3,1.9,8.9,Quarterly,5.0,2019-10-20,8.0,25000,66.0,accredited investors only,no,no,2019-07-31,2019-07-29,closed,,,,,,,
rreaf,tenured,paces at the estates,opelika,al,multifamily,equity,value add,19.3,2.2,9.6,Quarterly,5.0,,8.0,50000,72.1,accredited investors only,no,no,2019-07-26,2019-07-23,closed,,,,,,,
cardinal capital management,seasoned,middleton market apartments,middleton,wi,multi-use,equity,opportunistic,23.4,4.0,9.0,Quarterly,7.0,,8.0,25000,75.0,accredited investors only,no,no,2019-07-29,2019-07-18,closed,,,,,,,
guefen development,tenured,haven at the gulch,nashville,tn,multifamily,equity,development,22.7,1.8,1.0,Quarterly,3.0,2019-08-02,8.0,25000,76.1,accredited investors only,no,no,2019-08-02,2019-07-17,closed,,,,,,,
cross properties,tenured,1530 chestnut  (preferred equity),philadelphia,pa,multifamily,equity,value add,13.6,2.2,7.5,Quarterly,7.0,,8.0,25000,70.2,accredited investors only,no,no,2019-07-08,2019-07-03,closed,,,,,,,
awh partners,seasoned,doubletree albuquerque hotel,albuquerque,nm,hospitality,equity,value add,16.4,2.6,13.9,Quarterly,8.0,2020-04-30,10.0,25000,64.7,accredited investors only,no,no,2019-07-30,2019-07-02,closed,,,,,,,
hempel companies,tenured,one corporate center ii,edina,mn,office,equity,value add,20.1,1.96,12.1,Quarterly,4.0,,10.0,25000,74.6,accredited investors only,no,no,2019-07-29,2019-07-01,closed,,,,,,,
block funds,tenured,barrington park townhomes,lenexa,ks,multifamily,equity,value add,16.0,2.4,9.43,Monthly,7.0,,,25000,66.4,accredited investors only,no,no,2019-07-03,2019-07-01,closed,2019-08-10,2019-08-10,2019-09-10,2019-09-10,,0.01,
crowdstreet investments,blended,crowdstreet blended portfolio - spring 2019,multiple,multiple,multi-use,equity,value add,18.0,2.5,6.0,Quarterly,8.0,,8.0,25000,63.0,accredited investors only,no,no,2019-07-03,2019-06-28,closed,,,,,,,
mcfarlin group,seasoned,the heritage at twin creeks,allen,tx,senior housing,equity,value add,23.9,2.2,11.3,Quarterly,4.0,,12.0,25000,71.8,accredited investors only,no,no,2019-07-29,2019-06-18,closed,,,,,,,
griffith properties,tenured,ballardvale office park,wilmington,ma,office,equity,value add,18.1,2.1,11.4,Quarterly,5.0,2020-10-31,8.0,25000,60.0,accredited investors only,no,no,2019-06-19,2019-06-15,closed,,,,,,,
terrapin investments,seasoned,hampton inn denver airport,denver,co,hospitality,equity,value add,16.1,1.9,13.3,Quarterly,3.0,,9.0,25000,63.3,accredited investors only,no,no,2019-07-01,2019-06-11,closed,,,,,,,
griffin partners,tenured,union woods,salt lake city,ut,office,equity,core plus,14.7,1.88,7.7,Quarterly,5.0,,,25000,58.0,accredited investors only,no,no,2019-06-21,2019-06-10,closed,2019-06-30,2019-08-05,2019-08-30,2019-09-27,,0.03,
driftwood,tenured,marriott mission valley,san diego,ca,hospitality,equity,core plus,16.1,2.0,8.5,Quarterly,5.0,,10.0,50000,63.3,accredited investors only,no,no,2019-08-08,2019-06-06,closed,,,,,,,
pearlmark,tenured,pavilion village,charlotte,nc,multifamily,equity,core plus,13.2,1.8,6.4,Quarterly,5.0,,8.0,25000,63.4,accredited investors only,no,no,2019-06-10,2019-06-05,closed,2019-09-30,2019-09-27,2019-09-30,2019-09-27,,0.02,
urban investment partners,tenured,walter reed & longfellow apartments,washington,dc,multifamily,equity,value add,15.2,2.3,10.4,Quarterly,7.0,2019-12-31,10.0,25000,67.1,accredited investors only,no,no,2019-06-03,2019-06-03,closed,,,,,,,
km realty advisors llc,seasoned,"km realty investment trust, reit",multiple,tx,multi-use,reit,value add,,,7.0,Quarterly,5.0,,7.0,25750,50.0,accredited investors only,no,no,,,funding,,,,,,,
nitya capital,seasoned,park central plaza one,houston,tx,office,equity,core plus,17.4,2.0,11.1,Quarterly,5.0,,8.0,25000,70.7,accredited investors only,no,no,2019-05-31,2019-05-28,closed,2019-09-30,2019-09-16,2019-09-30,2019-09-16,,0.02,
griffin partners,tenured,charlotte airport three portfolio,charlotte,nc,office,equity,value add,20.6,1.9,7.2,Quarterly,4.0,,,25000,65.9,accredited investors only,no,no,2019-06-17,2019-05-28,closed,2019-07-31,2019-08-30,2019-08-30,2019-09-27,,0.01,
ssi,tenured,the johnston building,charlotte,nc,office,equity,value add,14.9,2.0,4.5,Quarterly,5.0,2021-07-01,9.0,25000,70.0,accredited investors only,no,no,,2019-05-23,closed,,,,,,,
10 federal,seasoned,10 federal self storage 2,multiple,multiple,storage,equity,value add,16.0,1.6,11.0,Quarterly,7.0,2019-10-31,8.0,25000,65.0,accredited investors only,no,no,,,funding,,,,,,,
provident realty advisors,tenured,plano industrial park,plano,tx,industrial,equity,development,19.4,1.7,7.54,Quarterly,3.0,,8.0,25000,67.7,accredited investors only,no,no,2019-06-01,2019-05-14,closed,,,,,,,
turnstone group,seasoned,woodspring suites atlanta,newnan,ga,hospitality,equity,development,21.1,2.1,8.3,Quarterly,4.0,,10.0,25000,65.0,accredited investors only,no,no,2019-05-24,2019-05-07,closed,,,,,,,
driftwood,tenured,crowne plaza space coast,melbourne,fl,hospitality,equity,core plus,14.5,1.8,9.1,,5.0,,10.0,50000,63.4,accredited investors only,no,no,2019-05-03,2019-05-01,closed,2019-06-30,2019-08-01,2019-06-30,2019-08-01,,0.01,
new era partners,seasoned,new era medical investment fund ii,multiple,multiple,office,equity,value add,19.0,2.0,10.0,Monthly,5.0,2020-06-15,8.0,25000,62.5,accredited investors only,no,no,2019-05-02,2019-04-30,closed,,,,,2019-07-16,,
northshore development,emerging,aqua residences,palm bay,fl,multifamily,equity,development,29.9,1.7,7.2,Monthly,2.0,2020-12-01,8.0,27500,73.9,accredited investors only,no,no,2019-05-08,2019-04-21,closed,,,,,2019-03-15,,
rhodium capital advisors,seasoned,bridlewood apartments,conyers,ga,multifamily,equity,value add,19.9,1.8,17.1,Quarterly,5.0,,8.0,40000,60.8,accredited investors only,no,no,2019-05-28,2019-04-21,closed,2019-06-30,2019-07-10,2019-09-30,2019-10-10,,0.03,
rreaf,tenured,georgetown village & timberlane apartments,spartanburg,sc,multifamily,equity,value add,21.7,1.7,10.7,Quarterly,3.0,,8.0,35000,69.2,accredited investors only,no,no,2019-04-29,2019-04-19,closed,2019-06-30,2019-08-09,2019-09-30,2019-09-30,,0.01,
premier properties,seasoned,chalet gardens apartments,pine hill,nj,multifamily,equity,value add,19.8,2.7,11.3,Quarterly,7.0,,8.0,25000,56.8,accredited investors only,no,no,2019-05-03,2019-04-15,closed,2019-05-31,2019-06-25,2019-08-31,2019-09-25,,0.01,
j. jeffers & co.,emerging,"511 partners, llc aka the huron building",milwaukee,wi,office,equity,development,22.2,1.8,2.9,Quarterly,3.0,,9.0,25000,79.1,accredited investors only,no,no,2019-04-26,2019-04-12,closed,,,,,,,
block funds,tenured,the royale at cityplace,overland park,ks,multifamily,equity,core plus,10.9,2.4,8.0,Monthly,10.0,2018-12-17,,25000,57.7,accredited investors only,no,no,2019-05-17,2019-04-03,closed,2018-11-10,2018-11-10,2019-09-12,2019-09-12,2019-09-24,0.04,
crowdstreet investments,blended,crowdstreet blended portfolio - winter 2019,multiple,multiple,multi-use,equity,value add,18.0,2.5,6.0,Quarterly,8.0,,8.0,25000,63.0,accredited investors only,no,no,2019-04-16,2019-04-03,closed,,,,,,,
northwest sustainable properties,emerging,the dean river apartments,portland,or,multifamily,equity,development,22.8,1.8,6.33,Quarterly,3.0,,8.0,25000,74.3,accredited investors only,no,no,2019-04-22,2019-03-31,closed,2019-03-20,2019-03-20,2019-03-20,2019-03-20,,0.01,
rhodium capital advisors,seasoned,grand pointe apartments,lafayette,la,multifamily,equity,value add,16.8,1.8,10.8,Quarterly,5.0,2019-03-31,8.0,25000,62.2,accredited investors only,no,no,2019-03-31,2019-03-29,closed,2019-03-31,2019-04-10,2019-09-30,2019-10-10,,0.04,
rreaf,tenured,residence at edinburg,edinburg,tx,multifamily,equity,core plus,24.0,1.9,7.7,Semi Annually,3.0,2019-07-15,8.0,50000,77.2,accredited investors only,no,no,2019-03-27,2019-03-23,closed,2019-06-27,2019-07-08,2019-06-30,2019-07-08,,0.02,
tesseract capital group,emerging,mariner's cove,stockton,ca,multifamily,equity,value add,19.4,2.4,13.3,Quarterly,7.0,,8.0,25000,80.2,accredited investors only,no,no,2019-03-28,2019-03-22,closed,,,,,,,
northshore development,emerging,mission grove,tallahassee,fl,multifamily,equity,value add,19.9,2.4,6.6,Quarterly,5.0,2021-01-01,10.0,25000,80.0,accredited investors only,no,no,2019-04-02,2019-03-21,closed,,,,,,,
bristol development,tenured,vista brooklyn,jacksonville,fl,multi-use,equity,development,20.3,1.7,6.36,,3.0,2022-03-01,9.0,25000,61.4,accredited investors only,no,no,2019-04-05,2019-03-13,closed,,,,,,,
tapestry senior housing management,tenured,tapestry moon senior housing,coraopolis,pa,senior housing,equity,value add,28.8,3.5,10.3,Quarterly,6.0,,10.0,25000,73.57,accredited investors only,no,no,2019-03-31,2019-03-12,closed,2019-08-23,2019-08-23,2019-08-23,2019-08-23,,0.01,
frontline holdings,emerging,chateau on the river,fort worth,tx,multifamily,equity,value add,16.7,1.9,8.5,Quarterly,5.0,2019-06-30,7.0,25000,77.5,accredited investors only,no,no,2019-03-12,2019-03-12,closed,2019-06-30,2019-07-26,2019-09-30,2019-10-23,,0.02,
feldman equities,tenured,morgan stanley tower,st. petersburg,fl,office,equity,core plus,17.7,2.0,7.5,Quarterly,5.0,2019-07-03,9.0,25000,63.6,accredited investors only,no,no,2019-04-01,2019-03-11,closed,2019-03-31,2019-04-10,2019-09-30,2019-10-10,,0.05,
cooper street capital,emerging,mueller rose apartments,austin,tx,multifamily,equity,value add,20.4,1.7,5.5,Quarterly,3.0,2019-07-01,10.0,25000,77.3,accredited investors only,no,no,2019-03-11,2019-03-08,closed,,,,,,,
shepherd health,emerging,shepherd living at wildcat,summerville,sc,senior housing,equity,opportunistic,25.5,2.4,14.5,Quarterly,4.0,2020-11-16,8.0,25000,73.5,accredited investors only,no,no,2019-03-12,2019-03-03,closed,,,,,,,
awh partners,seasoned,awh boston hotel portfolio,boston msa,ma,hospitality,equity,value add,14.3,1.8,12.2,Quarterly,5.0,2019-06-01,7.0,25000,73.4,accredited investors only,no,no,2019-03-08,2019-02-24,closed,2019-07-16,2019-07-16,2019-07-16,2019-07-16,,0.02,
driftwood,tenured,metro atlanta fairfield inn & suites portfolio,atlanta,ga,hospitality,equity,core plus,14.9,1.82,9.4,Quarterly,5.0,,10.0,50000,62.1,accredited investors only,no,no,2019-03-15,2019-02-23,closed,2019-03-31,2019-05-01,2019-06-30,2019-08-01,,0.07,
"smartcap, inc.",seasoned,opportunity zone industrial park - 188th st.,redmond,wa,industrial,equity,development,12.8,3.0,6.6,Quarterly,10.0,2022-01-31,8.0,25000,63.4,accredited investors only,no,yes,2019-03-07,2019-02-20,closed,,,,,2019-03-16,,
"the buccini/pollin group, inc.",tenured,hilton baltimore bwi airport,baltimore,md,hospitality,equity,value add,18.9,2.1,14.1,Quarterly,5.0,2019-06-30,8.0,40000,75.9,accredited investors only,no,no,2019-03-08,2019-02-19,closed,2019-06-30,2019-07-29,2019-06-30,2019-07-29,,0.03,
"creative realty partners, inc.",seasoned,heritage at temple terrace,tampa bay,fl,multifamily,equity,value add,25.9,1.6,11.7,Quarterly,2.0,,8.0,24000,77.31,accredited investors only,no,no,2019-03-08,2019-02-18,closed,2019-03-31,2019-04-18,2019-05-31,2019-07-05,,0.03,
nova asset management,tenured,the franklin,houston,tx,multifamily,equity,value add,18.8,2.2,8.9,Quarterly,5.0,2019-04-30,8.0,25000,78.4,accredited investors only,no,no,2019-02-22,2019-02-18,closed,2019-06-30,2019-07-25,2019-06-30,2019-07-25,,0.03,
"the buccini/pollin group, inc.",tenured,virgin hotels nashville,nashville,tn,hospitality,equity,development,26.3,2.4,12.0,Quarterly,4.0,2020-03-31,10.0,40000,44.5,accredited investors only,no,no,2019-01-26,2019-02-13,closed,,,,,,,
citadel real estate group,emerging,victorian village townhomes,st. louis,mo,multifamily,equity,value add,19.7,2.1,8.4,Quarterly,5.0,2019-07-15,8.0,25000,61.8,accredited investors only,no,no,2019-02-15,2019-02-12,closed,2019-06-30,2019-07-19,2019-06-30,2019-07-19,,0.01,
"investors management group, inc.",tenured,canopy at baybrook,charlotte,nc,multifamily,equity,value add,14.6,2.3,7.1,Monthly,7.0,2019-05-15,,25000,57.8,accredited investors only,yes,no,2019-02-15,2019-02-11,closed,2019-05-31,2019-06-01,2019-09-30,2019-10-01,,0.02,
"creative realty partners, inc.",seasoned,escondido village,san antonio,tx,multifamily,equity,value add,25.8,1.6,11.6,Monthly,2.0,2019-04-15,8.0,24600,74.5,accredited investors only,no,no,2019-03-07,2019-02-07,closed,2019-03-31,2019-04-23,2019-05-31,2019-07-05,,0.03,
crystal peaks storage group,emerging,federal way premiere storage,federal way,wa,storage,equity,development,21.8,2.6,23.0,Quarterly,7.0,2022-06-01,8.0,25000,74.5,accredited investors only,no,no,2019-02-07,2019-01-29,closed,,,,,,,
rainier companies,tenured,rainier retail portfolio iii,multiple,multiple,retail,equity,core plus,15.5,1.85,10.0,Quarterly,4.0,2019-01-15,12.0,25000,65.0,accredited investors only,no,no,2019-02-01,2019-01-29,closed,2018-12-31,2019-01-15,2019-06-30,2019-07-16,2019-09-16,0.04,
crowdstreet investments,blended,crowdstreet blended portfolio - inaugural,multiple,multiple,multi-use,equity,value add,18.0,2.5,6.0,Quarterly,8.0,2019-10-15,8.0,25000,63.0,accredited investors only,no,no,2018-12-15,2019-01-15,closed,2019-09-30,2019-10-04,2019-09-30,2019-10-04,,,
banyan investment group,seasoned,hilton home2 suites pensacola - gulf breeze,gulf breeze,fl,hospitality,equity,development,15.0,1.8,10.0,Quarterly,5.0,2019-04-15,10.0,25000,63.0,accredited investors only,no,no,2019-01-22,2019-01-02,closed,2019-03-31,2019-04-16,2019-09-30,2019-10-15,,0.08,
griffin partners,tenured,the zachry building,san antonio,tx,office,equity,value add,15.7,1.9,6.5,Monthly,5.0,2019-01-25,,25000,67.8,accredited investors only,no,no,2018-12-24,2018-12-17,closed,2018-12-30,2019-01-31,2019-08-30,2019-09-27,2019-03-11,0.06,
bond companies,tenured,1363 colton apartments,los angeles,ca,multifamily,equity,development,17.4,2.2,5.4,Quarterly,5.0,2021-03-15,8.0,25000,64.3,accredited investors only,no,no,2018-12-26,2018-12-13,closed,,,,,2019-10-25,,
gva management,emerging,villas del encanto,san antonio,tx,multifamily,equity,value add,22.3,1.8,8.1,Quarterly,3.0,2019-04-15,9.0,25000,77.9,accredited investors only,no,no,2018-12-17,2018-12-11,closed,,,,,,,
denholtz properties,tenured,red bank markel office,red bank,nj,office,equity,core plus,15.5,1.9,9.3,Quarterly,5.0,,8.0,25000,64.7,accredited investors only,no,no,2018-12-28,2018-12-10,closed,2019-03-27,2019-03-27,2019-09-29,2019-09-30,,0.06,
rreaf,tenured,southeast multifamily portfolio ii,southeast,multiple,multifamily,equity,value add,28.4,2.0,8.8,Quarterly,3.0,2019-01-20,8.0,50000,70.5,accredited investors only,no,no,2018-12-19,2018-12-10,closed,2019-03-31,2019-05-08,2019-06-30,2019-08-09,2019-07-08,0.03,
tricap residential group,seasoned,everett hyde park apartments,chicago,il,multifamily,equity,core plus,15.2,1.5,7.7,Quarterly,3.0,2019-03-31,9.0,25000,69.2,accredited investors only,no,no,2018-12-12,2018-12-04,closed,2018-12-31,2019-02-08,2019-09-30,2019-10-23,2019-04-08,0.04,
realsource,tenured,steepleway downs apartments,houston,tx,multifamily,equity,value add,15.3,1.9,7.0,Monthly,5.0,2019-01-31,7.0,25000,54.1,accredited investors only,no,no,2018-12-11,2018-12-03,closed,,,,,2019-09-19,,
condor partners,seasoned,the boulevard,richmond heights,mo,multi-use,equity,opportunistic,19.2,1.7,9.7,Annually,3.0,2019-03-15,10.0,50000,75.0,accredited investors only,no,no,2019-01-05,2018-12-03,closed,,,,,2019-03-15,,
performance realty,emerging,performance communities fund,multiple,multiple,multi-use,equity,value add,14.0,2.5,8.0,Quarterly,10.0,2018-07-20,8.0,25000,70.0,accredited investors only,no,no,2018-12-18,2018-12-03,closed,2018-03-31,2018-07-16,2019-09-30,2019-10-25,2019-03-20,0.1,
awh partners,seasoned,topnotch resort,stowe,vt,hospitality,equity,opportunistic,23.3,2.4,8.1,Quarterly,5.0,2021-07-15,10.0,25000,62.5,accredited investors only,no,no,2018-12-07,2018-11-30,closed,,,,,2019-08-09,,
ilan investments,tenured,dolce living apartments,rosenberg,tx,multifamily,equity,core plus,15.9,3.0,17.0,Quarterly,12.0,2019-03-31,7.5,50000,73.2,accredited investors only,no,no,2018-11-28,2018-11-28,closed,2019-02-28,2019-03-31,2019-05-31,2019-06-30,2019-03-25,0.04,
bedrock group,emerging,bedrock mhc fund ii,multiple,multiple,multi-use,equity,value add,16.0,2.8,9.9,Quarterly,7.0,2019-01-01,6.0,50000,,accredited investors only,no,no,,2018-11-28,closed,2018-12-31,2019-01-15,2019-09-30,2019-10-15,2019-08-13,0.07,
nitya capital,seasoned,bayou park apartments,houston,tx,multifamily,equity,value add,17.0,2.0,6.5,Quarterly,5.0,2019-04-15,8.0,25000,76.6,accredited investors only,no,no,2018-12-04,2018-11-25,closed,2018-12-31,2019-03-08,2019-03-31,2019-06-25,2019-04-10,0.05,
rreaf,tenured,the trails at hunter pointe,gallatin,tn,multifamily,equity,value add,26.8,2.0,4.6,,3.0,,8.0,50000,80.0,accredited investors only,no,no,,2018-11-14,closed,2018-11-30,2018-12-14,2018-11-30,2018-12-14,2019-04-03,0.01,
wright investments,tenured,marriott residence inn downtown memphis,memphis,tn,hospitality,equity,value add,16.5,1.9,10.7,Quarterly,5.0,2019-04-15,12.0,25000,65.0,accredited investors only,no,no,,2018-11-12,closed,2019-03-31,2019-04-26,2019-06-30,2019-07-26,2019-03-27,0.04,
ilan investments,tenured,sandshell at fossil creek,fort worth,tx,multifamily,equity,value add,13.4,3.2,18.1,Quarterly,12.0,2019-03-31,7.5,50000,65.5,accredited investors only,no,no,,2018-11-11,closed,2019-02-28,2019-03-31,2019-05-31,2019-06-30,2019-03-25,0.04,
carter,tenured,morehouse student housing,atlanta,ga,multifamily,equity,development,18.1,1.9,9.5,Monthly,4.0,2019-01-07,8.0,25000,66.6,accredited investors only,no,no,,2018-11-07,closed,2018-12-31,2019-01-31,2019-08-31,2019-09-13,2019-03-28,0.04,
ridgeline,emerging,pearland medical office,pearland,tx,office,equity,value add,24.0,1.8,11.0,Quarterly,3.0,2019-04-15,10.0,25000,70.5,accredited investors only,no,no,,2018-10-31,closed,2019-03-31,2019-04-26,2019-03-31,2019-04-26,2019-09-11,0.01,
tapestry senior housing management,tenured,tapestry wickliffe senior housing,wickliffe,oh,senior housing,equity,value add,28.6,3.6,9.4,Quarterly,5.0,2021-10-01,,25000,72.0,accredited investors only,no,no,,2018-10-31,closed,,,,,2019-02-20,,
impact housing,tenured,impact housing reit,multiple,multiple,multifamily,reit,value add,7.0,,8.55,Quarterly,5.0,,7.0,1000,,non-accredited eligible,no,no,,2018-10-29,closed,,,,,,,
mg capital,tenured,mg capital fund iv,new york,ny,multi-use,equity,core plus,16.0,2.6,6.0,Annually,6.0,2019-07-01,8.5,50000,,accredited investors only,no,no,,2018-10-28,closed,,,,,2019-10-08,,
rra companies,seasoned,fairfield inn & suites note offering,peachtree city,ga,hospitality,debt,core plus,10.0,1.22,10.0,Quarterly,2.0,2019-04-15,10.0,50000,69.6,accredited investors only,no,no,,2018-10-25,closed,2019-02-12,2019-02-24,2019-08-13,2019-08-19,,0.06,
10 federal,seasoned,10 federal self storage i,multiple,multiple,storage,equity,value add,15.0,1.75,11.0,Quarterly,4.0,,8.0,25000,73.0,accredited investors only,no,no,,2018-10-25,closed,2017-09-30,2017-10-12,2019-06-30,2019-07-18,2019-03-11,0.27,
momentum development,seasoned,brighton self-storage,brighton,co,storage,equity,development,19.9,2.4,6.8,Quarterly,5.0,2022-01-15,8.0,25000,75.0,accredited investors only,no,no,2018-10-12,2018-10-08,closed,,,,,2019-02-18,,
trion properties,seasoned,trion multifamily opportunity fund ii,multiple,multiple,multi-use,equity,value add,15.0,2.0,9.5,Quarterly,7.0,2020-10-15,8.0,50000,,accredited investors only,no,no,,2019-12-02,funding,,,,,2019-03-27,,
newstream commercial development,emerging,houston red lion hotel,houston,tx,hospitality,equity,value add,25.1,2.8,12.0,Quarterly,5.0,2019-04-15,8.0,25000,51.7,accredited investors only,no,no,,2018-10-05,closed,,,,,2019-04-11,,
rreaf,tenured,south carolina multifamily portfolio i,multiple,multiple,multifamily,equity,value add,24.7,1.86,10.6,Quarterly,3.0,2019-01-15,8.0,50000,71.9,accredited investors only,no,no,,2018-09-30,closed,2018-12-31,2019-02-07,2019-03-31,2019-05-14,2019-04-01,0.04,0.0004
condor partners,seasoned,mural park,chicago,il,multi-use,equity,development,22.5,2.2,15.7,Annually,4.0,2019-12-01,10.0,50000,77.0,accredited investors only,no,no,,2018-09-30,closed,,,,,2019-03-15,,
alpha capital partners,seasoned,alpha residential growth fund iv,multiple,multiple,multifamily,equity,value add,16.0,2.0,,Quarterly,5.0,2018-10-31,8.0,50000,69.66,accredited investors only,no,no,,2018-09-23,closed,2018-09-30,2018-09-30,2019-06-30,2019-07-31,2019-04-02,0.03,0.0003
river asset management company,tenured,greens at hollymead apartments,charlottesville,va,multifamily,equity,core plus,13.3,1.9,8.5,Quarterly,6.0,2018-10-15,8.0,25000,67.4,accredited investors only,no,no,,2018-09-06,closed,2018-09-30,2018-10-15,2018-12-31,2019-01-15,2019-10-14,0.03,0.0003
christina,tenured,christina 2 - class b,"beverly hills, santa monica, malibu",ca,multi-use,equity,value add,20.4,2.35,,,12.0,,,50000,,accredited investors only,no,no,,2018-09-01,closed,,,,,2019-03-27,,
flywheel capital partners,emerging,interquest campus,colorado springs,co,office,equity,value add,20.5,2.4,10.0,Quarterly,5.0,2020-01-15,12.0,25000,67.4,accredited investors only,no,no,,2018-08-29,closed,2018-10-31,2018-10-22,2018-10-31,2018-10-22,2019-09-06,0.02,0.0002
montgomery street partners,seasoned,daymark independent living,waxahachie,tx,multifamily,equity,development,21.1,1.6,11.0,,4.0,2020-05-01,10.0,25000,48.9,accredited investors only,no,no,,2018-08-29,closed,,,,,2019-03-20,,
o'donnell group,tenured,stout industrial,indianapolis,in,industrial,equity,core plus,16.2,2.0,8.2,Quarterly,7.0,2019-01-15,10.0,50000,63.3,accredited investors only,no,no,,2018-08-28,closed,2019-03-31,2019-02-13,2019-09-30,2019-09-10,2019-03-21,0.06,0.0006
j. jeffers & co.,emerging,"avs partners, llc aka alta vista senior living portfolio",milwaukee,wi,senior housing,equity,value add,20.4,1.9,13.8,Quarterly,4.0,2019-01-15,8.0,25000,70.1,accredited investors only,no,no,,2018-08-21,closed,2018-12-31,2019-01-31,2019-06-30,2019-07-31,2019-03-26,0.08,0.0008
rreaf,tenured,beachside resort cocoa beach,cocoa beach,fl,hospitality,equity,value add,23.8,2.5,15.8,Quarterly,5.0,2019-01-15,8.0,50000,79.8,accredited investors only,no,no,,2018-08-16,closed,2018-12-31,2018-12-31,2019-12-31,2019-08-23,2019-03-18,0.08,0.0008
graham development,tenured,the venue at werner park,papillion,ne,multifamily,equity,development,25.3,4.3,13.0,Semi Annually,7.0,2021-12-31,,50000,78.3,accredited investors only,no,no,,2018-08-15,closed,,,,,2019-03-22,,
north park ventures,emerging,1106 newport apartments,chicago,il,multifamily,equity,value add,22.2,2.7,4.7,Quarterly,5.0,2021-01-15,10.0,25000,75.0,accredited investors only,no,no,,2018-08-08,closed,,,,,2019-04-10,,
big v acquisitions llc,seasoned,belvedere plaza,anderson,sc,retail,equity,value add,16.3,1.9,11.8,Quarterly,5.0,2018-11-15,10.0,25000,63.8,accredited investors only,no,no,,2018-08-07,closed,2018-09-30,2018-10-19,2019-09-30,2019-09-30,2019-03-08,0.12,0.0012
tapestry senior housing management,tenured,tapestry walden senior housing,tallahassee,fl,senior housing,equity,value add,14.4,1.8,10.0,Monthly,5.0,2018-09-07,10.0,50000,84.5,accredited investors only,no,no,,2018-07-30,closed,2018-03-31,2018-03-20,2019-10-31,2019-10-20,2019-02-05,0.16,0.0016
big v acquisitions llc,seasoned,ridgecrest plaza,orange park,fl,retail,equity,value add,17.8,1.9,12.7,Quarterly,5.0,2019-01-15,10.0,25000,69.2,accredited investors only,no,no,,2018-07-26,closed,2018-09-30,2018-10-19,2019-09-30,2019-09-20,2019-03-08,0.12,0.0012
driftwood,tenured,sheraton detroit,novi,mi,hospitality,equity,value add,14.7,1.8,10.7,Quarterly,5.0,2019-01-15,10.0,50000,58.9,accredited investors only,no,no,,2018-07-25,closed,2018-09-30,2018-10-30,2018-12-31,2019-01-31,2019-04-02,0.02,0.0002
vukota capital management,seasoned,rainbow forest apartment homes,decatur,ga,multifamily,equity,value add,12.2,2.6,8.9,Monthly,10.0,2018-10-15,8.0,25000,63.3,accredited investors only,no,no,,2018-07-24,closed,2018-08-21,2018-08-21,2019-10-25,2019-10-25,2019-04-04,0.08,0.0008
newstream commercial development,emerging,four points sheraton,little rock,ar,hospitality,equity,opportunistic,35.7,4.0,19.5,Quarterly,5.0,2019-01-15,8.0,25000,67.9,accredited investors only,no,no,,2018-07-21,closed,,,,,2019-09-13,,
rreaf,tenured,delta southlake by marriott,southlake,tx,hospitality,equity,development,28.8,2.6,12.6,Quarterly,4.0,2021-01-15,15.0,75000,61.7,accredited investors only,no,no,,2018-07-17,closed,2018-09-01,2018-09-01,2018-09-17,2018-09-17,2019-05-09,,
davenport partners,seasoned,800 south barranca office,covina,ca,office,equity,core plus,15.1,2.45,7.85,Quarterly,5.0,2018-09-01,7.0,20000,66.2,accredited investors only,no,no,,2018-07-17,closed,2018-08-18,2018-08-18,2019-06-30,2019-08-06,2019-04-04,0.07,0.0007000000000000001
ridgeline,emerging,allen medical office,allen,tx,office,equity,core plus,12.5,2.0,9.3,Quarterly,8.0,2018-10-15,8.0,25000,65.2,accredited investors only,no,no,,2018-07-10,closed,2018-09-30,2018-10-26,2019-03-31,2019-04-22,2019-09-11,0.03,0.0003
awh partners,seasoned,high peaks resort,lake placid,ny,hospitality,equity,value add,17.9,2.1,10.6,Quarterly,5.0,2018-10-01,8.0,25000,68.4,accredited investors only,no,no,,2018-06-26,closed,2018-10-05,2018-10-05,2019-07-12,2019-07-12,2019-07-22,0.06,0.0006
nitya capital,seasoned,barcelona apartment homes,houston,tx,multifamily,equity,value add,18.1,2.1,8.6,Quarterly,5.0,2018-10-15,8.0,25000,68.0,accredited investors only,no,no,,2018-06-25,closed,2018-09-30,2018-10-26,2019-06-30,2019-08-19,2019-03-15,0.09,0.0009
broad reach retail partners,seasoned,south grove retail,knoxville,tn,retail,equity,value add,17.3,1.9,13.6,Quarterly,5.0,2018-12-31,8.0,25000,72.5,accredited investors only,no,no,,2018-06-21,closed,2018-09-30,2018-10-16,2019-09-30,2019-10-17,2019-03-07,0.39,0.0039000000000000003
denholtz properties,tenured,university corporate center,winter park,fl,industrial,equity,value add,15.9,1.9,8.0,Monthly,5.0,2018-08-15,8.0,25000,73.2,accredited investors only,no,no,,2018-06-15,closed,2018-08-31,2018-08-31,2019-09-29,2019-09-30,2019-07-19,0.1,0.001
mequity,emerging,tucker self storage (cubesmart managed),atlanta,ga,storage,equity,development,19.2,2.4,6.8,Quarterly,5.0,2020-10-01,8.0,25000,65.0,accredited investors only,no,no,,2018-06-13,closed,,,,,2019-09-09,,
american landmark,tenured,schaumburg towers,chicago,il,office,equity,value add,26.6,2.5,6.2,Quarterly,3.0,2019-04-01,8.0,25000,77.8,accredited investors only,no,no,,2018-06-03,closed,,,,,2019-08-16,,
henley usa,tenured,hayes court,queens,ny,multifamily,equity,value add,16.8,1.8,1.8,Quarterly,4.0,2019-02-01,8.0,25000,64.3,accredited investors only,no,no,,2018-06-03,closed,,,,,2019-05-17,,
presario ventures,emerging,the stanton,lockhart,tx,multifamily,equity,development,19.8,2.3,11.2,Annually,5.0,2019-10-01,8.0,25000,85.8,accredited investors only,no,no,,2018-05-31,closed,,,,,2019-04-12,,
big v acquisitions llc,seasoned,lexington towne center,lexington,sc,retail,equity,value add,17.6,2.0,11.2,Quarterly,5.0,2018-07-01,10.0,25000,71.1,accredited investors only,no,no,,2018-05-31,closed,2018-06-30,2018-06-30,2019-09-30,2019-09-20,2019-03-12,0.17,0.0017000000000000001
rreaf,tenured,mountainside apartments,birmingham,al,multifamily,equity,value add,23.1,1.8,10.5,Quarterly,3.0,2018-09-30,10.0,35000,71.6,accredited investors only,no,no,,2018-05-30,closed,2018-08-10,2018-08-10,2018-12-31,2019-02-11,2019-03-20,0.04,0.0004
guerrilla development,emerging,tree farm,portland,or,multi-use,equity,opportunistic,18.4,3.8,7.9,Quarterly,10.0,2020-06-01,8.0,25000,65.0,accredited investors only,no,no,,2018-05-29,closed,,,,,,,
calcap advisors,tenured,calcap income fund i,multiple,multiple,multi-use,debt,value add,7.0,,7.0,Monthly,1.0,,7.5,25000,83.25,accredited investors only,no,no,,2018-05-23,closed,2018-02-28,2018-03-22,2019-08-31,2019-09-16,2019-03-26,0.11,0.0011
denholtz properties,tenured,silver star portfolio,orlando,fl,industrial,equity,value add,14.9,1.9,8.0,Quarterly,5.0,2018-01-01,8.0,25000,68.4,accredited investors only,no,no,,2018-05-21,closed,2017-08-31,2017-08-31,2019-09-29,2019-09-30,2019-03-07,0.15,0.0015
scanlankemperbard,tenured,1805 se mlk,portland,or,industrial,equity,value add,20.0,1.6,4.5,Quarterly,2.0,2020-10-01,8.0,25000,65.0,accredited investors only,no,no,,2018-05-16,closed,,,,,2019-03-14,,
green light development,seasoned,kex social hostel,portland,or,hospitality,equity,opportunistic,20.1,2.9,25.3,Quarterly,10.0,2019-04-01,10.0,25000,37.9,accredited investors only,no,no,,2018-05-01,closed,,,,,2019-03-01,,
henley usa,tenured,winsome west multifamily,las vegas,nv,multifamily,equity,value add,16.4,2.1,7.0,Quarterly,5.0,2019-01-01,8.0,25000,74.5,accredited investors only,no,no,,2018-04-29,closed,,,,,2019-04-12,,
accordia realty ventures,seasoned,river drive ii,elmwood park,nj,office,equity,value add,18.5,1.7,9.0,Quarterly,3.0,2018-06-30,10.0,25000,67.7,accredited investors only,no,no,,2018-04-27,closed,2018-07-05,2018-07-05,2019-09-30,2019-10-07,2019-04-04,0.15,0.0015
griffin partners,tenured,union plaza @ federal center station,denver,co,multi-use,equity,core plus,15.5,1.7,5.6,Quarterly,4.0,2018-07-16,,25000,64.9,accredited investors only,no,no,,2018-04-17,closed,2018-04-30,2018-05-25,2019-08-30,2019-09-27,2019-04-04,0.14,0.0014000000000000002
fiola communities,emerging,ferina 22,norwalk,ca,multifamily,equity,value add,18.6,1.4,5.5,Quarterly,2.0,2018-04-01,8.0,30000,50.2,accredited investors only,no,no,,2018-04-12,closed,,,,,,,
rainier companies,tenured,stony creek marketplace,noblesville,in,retail,equity,core plus,14.2,1.9,11.0,Quarterly,6.0,2018-07-15,8.0,25000,62.2,accredited investors only,no,no,,2018-04-10,closed,2018-07-13,2018-07-13,2019-06-30,2019-07-15,2019-03-18,0.14,0.0014000000000000002
kbsdirect,enterprise,kbs growth & income real estate fund,multiple,multiple,multi-use,equity,core plus,14.0,,6.0,Monthly,7.0,2018-02-20,6.0,25000,,accredited investors only,no,no,,,funding,2017-11-30,2017-11-01,2019-10-01,2019-10-01,2019-02-05,0.05,
dominion diversified real estate group,seasoned,holiday inn express gastonia,gastonia,nc,hospitality,equity,value add,20.2,2.2,14.8,Monthly,5.0,2018-07-25,9.0,25000,75.0,accredited investors only,no,no,,2018-04-02,closed,2018-06-30,2018-06-30,2019-02-28,2019-02-28,2019-04-08,0.06,0.0006
bridgeton holdings,seasoned,cloverleaf suites overland park,overland park,ks,hospitality,equity,value add,17.0,2.0,12.0,Quarterly,5.0,2018-10-01,8.0,25000,68.0,accredited investors only,no,no,,2018-03-12,closed,,,,,2019-03-28,,
medalist properties,emerging,medalist diversified reit,multiple,multiple,multi-use,reit,value add,14.0,,7.0,Quarterly,7.0,2017-10-29,8.0,5000,,non-accredited eligible,no,no,,2018-03-01,closed,2018-07-13,2018-07-13,2018-09-30,2018-12-14,,0.03,0.0003
mckinney capital,tenured,lesser industrial cannabis,oakland,ca,industrial,equity,opportunistic,27.3,1.62,14.0,Quarterly,2.0,2018-12-31,9.0,25000,40.5,accredited investors only,no,no,,2018-02-28,closed,2019-08-01,2019-08-01,2019-08-01,2019-08-01,2019-04-02,0.03,0.0003
"smartcap, inc.",seasoned,smartcap cre value fund,multiple,multiple,multi-use,equity,value add,17.5,3.0,8.0,Quarterly,6.0,,8.0,50000,,accredited investors only,no,no,,2018-02-15,closed,2018-04-30,2018-03-30,2019-09-30,2019-10-25,2019-03-22,0.05,0.0005
rainier companies,tenured,moore plaza,corpus christi,tx,retail,equity,value add,15.6,1.8,11.3,Quarterly,5.0,2018-04-23,8.0,20000,64.0,accredited investors only,no,no,,2018-02-08,closed,2018-04-30,2018-04-13,2019-06-30,2019-07-15,2019-03-18,0.13,0.0013
vertical ventures,seasoned,the pointe at redwood shores,redwood city,ca,office,equity,value add,31.7,1.7,9.2,Quarterly,2.0,2018-07-01,10.0,50000,72.0,accredited investors only,no,no,,2018-01-29,closed,2018-07-23,2018-07-23,2018-12-31,2019-01-18,2019-03-25,0.07,0.0007000000000000001
citadel real estate group,emerging,wynthrope forest apartments,riverdale,ga,multifamily,equity,value add,18.4,2.2,8.2,Quarterly,5.0,2018-04-15,8.0,25000,68.0,accredited investors only,no,no,,2018-01-29,closed,2018-06-30,2018-06-30,2019-06-30,2019-07-30,2019-03-22,0.1,0.001
juniper,tenured,drexel flats,oklahoma city,ok,multifamily,equity,value add,14.1,2.3,13.2,Quarterly,10.0,2018-04-30,8.0,25000,69.4,accredited investors only,no,no,,2018-01-28,closed,2018-03-31,2018-04-30,2019-06-30,2019-07-31,2019-07-18,0.11,0.0011
bridgeton holdings,seasoned,chase suites lincoln,lincoln,ne,hospitality,equity,value add,20.2,3.8,19.4,Quarterly,10.0,2018-10-01,8.0,25000,68.2,accredited investors only,no,no,,2018-01-28,realized,2019-04-22,2019-05-08,2019-04-22,2019-05-08,2019-03-28,0.27,0.0027
trion properties,seasoned,multifamily opportunity fund i,multiple,multiple,multifamily,equity,value add,18.0,1.0,8.0,Quarterly,5.0,2017-12-26,9.0,50000,74.0,accredited investors only,no,no,,2018-01-24,closed,2018-04-10,2018-04-10,2019-10-23,2019-10-23,2019-04-02,0.24,0.0024
alpha capital partners,seasoned,266 lofts,memphis,tn,multifamily,equity,core plus,16.1,1.9,10.6,Monthly,5.0,2018-03-30,8.0,20000,72.1,accredited investors only,no,no,,2018-01-23,closed,2018-04-30,2018-05-30,2019-07-31,2019-09-06,2019-03-28,0.08,0.0008
odyssey urban asset,emerging,alvarado,los angeles,ca,multifamily,equity,development,34.2,2.4,4.6,Quarterly,3.0,2021-01-05,8.0,25000,73.9,accredited investors only,no,no,,2018-01-21,closed,,,,,2019-09-24,,
golden pacific capital,emerging,kansas city residential fund,kansas city,mo,multi-use,equity,value add,20.0,2.4,8.0,Quarterly,5.0,,8.0,25000,75.0,accredited investors only,no,no,,2018-01-15,closed,2016-12-31,2017-01-05,2018-12-31,2019-01-03,2019-09-04,0.1,0.001
westmount realty equities,tenured,westmount at copper mill,houston,tx,multifamily,equity,value add,18.8,2.2,7.7,Quarterly,5.0,,9.0,25000,65.29,accredited investors only,no,no,,2018-01-12,closed,2018-04-30,2018-04-27,2019-06-30,2019-07-25,2019-10-14,0.15,0.0015
broad reach retail partners,seasoned,broad reach grocery anchored portfolio,multiple,multiple,retail,portfolio,value add,18.3,2.1,11.5,Quarterly,5.0,2018-03-31,8.0,25000,70.0,accredited investors only,no,no,,2018-01-11,closed,2018-04-30,2018-04-19,2019-09-30,2019-10-17,2019-03-07,0.13,0.0013
avesta holdings,tenured,avesta multifamily partners fund iii,multiple,tx,multi-use,equity,core plus,17.0,1.9,9.0,Quarterly,5.0,2018-11-27,8.0,50000,63.0,accredited investors only,no,no,,2018-01-11,closed,,,,,2019-04-22,,
cypressbrook,tenured,presidio apartments,bryan,tx,multifamily,equity,value add,17.5,2.0,9.6,Quarterly,5.0,2020-07-13,8.0,25000,73.47,accredited investors only,no,no,,2018-01-08,closed,,,,,2019-09-03,,
alpha wave investors,emerging,ecotel colorado springs,colorado springs,co,hospitality,equity,value add,23.1,1.8,9.6,Quarterly,3.0,2020-10-30,10.0,25000,48.2,accredited investors only,no,no,,2018-01-08,closed,,,,,2019-05-18,,
denholtz properties,tenured,horizon center portfolio,hamilton,nj,office,portfolio,value add,17.4,2.1,8.0,Monthly,5.0,2018-02-01,8.0,25000,,accredited investors only,no,no,,2018-01-03,closed,2017-11-30,2017-11-30,2019-09-29,2019-09-30,2019-03-08,0.14,0.0014000000000000002
priam capital,seasoned,priam capital reit,multiple,multiple,multi-use,reit,core plus,17.0,3.0,11.0,Quarterly,9.0,2017-12-01,8.0,10000,,accredited investors only,no,no,,2018-01-02,closed,2017-12-31,2017-12-31,2019-06-30,2019-07-25,2019-09-06,0.08,0.0008
rreaf,tenured,rreaf multifamily fund i qp,south and southeast,tx,multi-use,equity,opportunistic,28.1,2.0,13.9,Quarterly,3.0,2017-12-30,9.0,100000,75.0,accredited investors only,no,no,,2018-01-01,closed,2017-09-30,2017-09-01,2019-06-30,2019-08-07,2019-05-28,0.14,0.0014000000000000002
broad reach retail partners,seasoned,broad reach retail fund ii,multiple,multiple,retail,equity,value add,17.0,2.2,10.5,Quarterly,10.0,,8.0,25000,75.0,accredited investors only,no,no,,2017-12-25,closed,2018-03-31,2018-04-19,2019-09-30,2019-10-17,2019-03-11,0.21,0.0021
rreaf,tenured,rreaf gulf coast portfolio ii,multiple,multiple,multifamily,equity,opportunistic,34.6,3.7,15.1,Quarterly,5.0,2018-04-01,10.0,35000,93.0,accredited investors only,no,no,,2017-12-16,closed,2018-01-31,2018-01-31,2019-09-30,2019-10-25,2019-03-12,0.15,0.0015
henley usa,tenured,yorkville manhattan multifamily,new york,ny,multifamily,equity,value add,17.0,1.9,2.1,Quarterly,4.0,2018-01-31,,25000,63.2,accredited investors only,no,no,,2017-12-14,closed,2018-06-30,2018-06-13,2018-09-30,2018-11-06,2019-06-28,0.01,0.0001
mayfield companies,tenured,capitol hill park/new carroll,seattle,wa,multifamily,equity,value add,22.2,1.82,3.7,Quarterly,3.0,2019-01-31,,50000,70.0,accredited investors only,no,no,,2017-12-13,closed,,,,,2019-03-15,,
virtua partners,emerging,"virtua income fund, na",multiple,multiple,multi-use,debt,core plus,13.5,1.4,12.0,Monthly,4.0,,10.0,50000,65.0,accredited investors only,no,no,,2017-12-06,closed,2017-08-31,2017-08-15,2019-08-15,2019-09-13,2019-09-11,0.22,0.0022
"investors management group, inc.",tenured,sommerset place,raleigh,nc,multifamily,equity,value add,15.9,2.0,8.2,Monthly,5.0,2018-04-01,,25000,63.1,accredited investors only,no,no,,2017-12-05,closed,2018-03-31,2018-04-01,2019-09-30,2019-10-01,2019-03-07,0.09,0.0009
fiola communities,emerging,elm 38,los angeles,ca,multifamily,equity,value add,19.7,1.4,5.7,Quarterly,2.0,2018-11-09,8.0,30000,65.3,accredited investors only,no,no,,2017-12-03,closed,,,,,2018-03-16,,
o'donnell group,tenured,e-commerce industrial baltimore,halethorpe,md,industrial,equity,value add,20.1,1.7,,,3.0,,10.0,25000,69.2,accredited investors only,no,no,,2017-11-28,closed,,,,,2019-03-25,,
pisula development company,seasoned,spring medical plaza,spring,tx,office,equity,development,20.5,1.7,4.2,,3.0,2019-01-15,8.0,25000,68.5,accredited investors only,no,no,,2017-11-18,closed,,,,,2019-05-28,,
avistone,emerging,northwoods business center,peachtree centers,ga,multi-use,equity,value add,20.57,3.0,8.0,,3.0,,,25000,75.0,accredited investors only,no,no,,2017-11-17,closed,2017-11-30,2017-12-15,2019-08-31,2019-09-15,2019-09-24,0.09,0.0009
nicholas residential,emerging,the corners apartment homes (dba bellevue terrace),dallas,tx,multifamily,equity,value add,18.0,2.1,9.8,Monthly,5.0,2018-02-01,10.0,25000,65.5,accredited investors only,no,no,,2017-11-13,closed,2018-04-09,2018-04-09,2018-09-30,2018-11-26,2019-10-15,0.06,0.0006
vertical ventures,seasoned,lathrop industrial,lathrop,ca,industrial,equity,opportunistic,34.9,1.5,9.7,,2.0,2019-11-09,10.0,50000,71.44,accredited investors only,no,no,,2017-11-10,closed,,,,,2019-03-15,,
alpha capital partners,seasoned,falcon point,college station,tx,multifamily,equity,value add,18.2,2.1,11.1,Monthly,5.0,,8.0,20000,69.8,accredited investors only,no,no,,2017-11-09,closed,2018-01-31,2018-02-26,2018-07-30,2018-09-12,2019-03-28,0.05,0.0005
avistone,emerging,bay tec & airport corporate center,tampa-st. petersburg,fl,industrial,equity,core plus,13.5,1.75,7.0,Monthly,4.0,2017-10-15,8.0,25000,57.3,accredited investors only,no,no,,2017-11-08,closed,2017-09-30,2017-10-15,2019-08-31,2019-09-15,2019-09-24,0.14,0.0014000000000000002
rhodium capital advisors,seasoned,100 franklin square drive,somerset,nj,office,equity,value add,25.4,1.83,4.0,Quarterly,5.0,2018-01-31,,25000,65.3,accredited investors only,no,no,,2017-11-07,closed,2017-12-31,2018-01-10,2019-09-30,2019-10-10,2019-03-25,1.11,0.0111
henley usa,tenured,modern on the rail,phoenix,az,multifamily,equity,value add,19.3,2.26,8.1,Quarterly,5.0,2018-01-30,8.0,25000,74.12,accredited investors only,no,no,,2017-11-06,closed,2017-12-31,2018-02-07,2019-05-17,2019-05-17,2019-05-03,1.65,0.0165
terrapin investments,seasoned,glenwood springs hotel portfolio,glenwood springs,co,hospitality,equity,value add,18.0,2.0,12.1,Quarterly,5.0,2018-04-01,9.0,25000,62.85,accredited investors only,no,no,,2017-11-02,closed,2018-03-31,2018-04-24,2019-03-31,2019-04-26,2019-03-25,0.12,0.0012
griffin partners,tenured,griffin partners office fund iii,multiple,multiple,multi-use,equity,value add,15.6,2.0,7.0,Quarterly,7.0,2017-11-15,9.0,50000,65.0,accredited investors only,no,no,,2017-11-01,closed,2016-09-30,2016-11-29,2018-12-31,2019-02-21,2019-03-28,0.04,0.0004
vukota capital management,seasoned,fireside village apartments,ralston,ne,multifamily,equity,value add,12.5,2.5,9.6,Monthly,10.0,2018-01-01,8.0,25000,60.2,accredited investors only,no,no,,2017-10-31,closed,2017-11-30,2017-12-21,2019-10-25,2019-10-25,2019-05-24,0.15,0.0015
ilan investments,tenured,parkside place,spring,tx,multifamily,equity,core plus,15.8,4.1,12.0,Quarterly,12.0,2017-02-28,7.0,50000,73.86,accredited investors only,no,no,,2017-10-30,closed,2018-02-28,2018-02-28,2019-07-31,2019-08-31,2019-02-13,0.12,0.0012
dominion diversified real estate group,seasoned,comfort suites - savannah north,port wentworth,ga,hospitality,equity,core plus,18.9,2.1,14.5,Monthly,5.0,2018-01-01,9.0,25000,71.7,accredited investors only,no,no,,2017-10-25,closed,,,,,2019-03-20,,
rreaf,tenured,rreaf multifamily fund i,south and southeast united states,multiple,multi-use,equity,opportunistic,28.4,2.0,14.1,Quarterly,3.0,2017-12-30,9.0,25000,75.0,accredited investors only,no,no,,2017-10-24,closed,2018-01-31,2018-01-11,2019-06-30,2019-08-07,2019-05-23,0.16,0.0032
toro real estate partners,emerging,main 608,clarksville,tn,multifamily,equity,development,27.6,1.6,17.9,,2.0,,8.0,25000,75.0,accredited investors only,no,no,,2017-10-23,closed,,,,,,,
alpha capital partners,seasoned,old taylor road cottages,oxford,ms,multifamily,equity,value add,20.8,2.31,10.0,Quarterly,5.0,2017-12-31,8.0,20000,72.0,accredited investors only,no,no,,2017-10-16,realized,2017-12-31,2018-01-26,2019-03-31,2019-05-23,2019-03-29,0.79,0.015700000000000002
legacy group capital,tenured,legacy opportunity fund,greater seattle area,wa,multi-use,debt,value add,12.0,,8.0,Monthly,2.0,,8.0,50000,,accredited investors only,no,no,,2019-12-01,funding,2015-07-31,2015-08-01,2019-10-09,2019-10-09,2019-03-25,0.11,
hempel companies,tenured,quadrant office building,brooklyn park,mn,office,equity,value add,27.1,2.0,13.7,Quarterly,3.0,2018-02-28,,25000,73.1,accredited investors only,no,no,,2017-10-11,closed,2017-12-31,2017-12-21,2019-09-30,2019-09-27,2019-04-21,1.59,0.0319
"investors management group, inc.",tenured,caldera (lawnfield gardens),portland,or,multifamily,equity,value add,15.9,1.96,8.0,Monthly,5.0,2018-01-31,,25000,61.6,accredited investors only,no,no,,2017-10-10,closed,2018-03-31,2018-04-01,2019-09-30,2019-10-01,2019-03-07,0.09,0.0017000000000000001
atlas,tenured,brookview village,chicago,il,multifamily,equity,value add,25.0,3.0,6.5,Quarterly,5.0,2018-05-31,,25000,72.5,accredited investors only,no,no,,2017-10-09,closed,,,,,2019-10-23,,
vertical ventures,seasoned,oakland airport plaza,oakland,ca,office,equity,value add,29.6,1.66,7.9,Quarterly,2.0,2017-12-30,10.0,100000,64.5,accredited investors only,no,no,,2017-10-08,closed,2018-03-31,2018-04-20,2019-06-30,2019-07-23,2019-03-25,0.15,0.003
mascia development,seasoned,camelot center,spartanburg,sc,retail,equity,value add,14.0,2.91,9.3,Monthly,10.0,,10.0,10000,58.24,accredited investors only,no,no,,2017-10-03,closed,1900-01-02,1900-01-02,2018-06-30,2018-06-15,2018-03-14,0.09,0.0017000000000000001
forge land company,emerging,turk & leavenworth,san francisco,ca,multifamily,equity,development,19.0,4.3,8.6,Quarterly,10.0,2021-06-30,8.0,25000,72.0,accredited investors only,no,no,,2017-09-19,closed,,,,,2019-03-11,,
willow creek partners,emerging,wcp raleigh student housing,raleigh,nc,multifamily,equity,value add,16.7,2.0,10.0,Quarterly,5.0,2018-01-31,8.0,25000,66.6,accredited investors only,no,no,,2017-09-13,closed,2017-12-31,2018-01-31,2019-06-30,2019-08-02,2019-03-13,0.14,0.0029
alpha capital partners,seasoned,alpha gp fund i - phase ii,multiple,multiple,multi-use,equity,value add,27.5,3.0,11.0,Quarterly,4.0,,15.0,50000,71.4,accredited investors only,no,no,,2017-09-07,closed,2017-03-31,2017-06-16,2019-07-03,2019-07-03,2019-04-01,0.2,0.004
arborcrowd,tenured,lago paradiso,miami,fl,multifamily,equity,value add,15.5,2.25,9.7,Quarterly,6.0,2018-01-31,8.0,25000,67.3,accredited investors only,no,no,,2017-09-05,closed,2018-02-28,2018-02-27,2019-08-20,2019-08-20,2019-04-02,0.48,0.0096
westpac,tenured,chandler lofts,east lansing,mi,multifamily,equity,development,26.1,2.0,5.0,Quarterly,3.0,2018-12-31,8.0,25000,82.1,accredited investors only,no,no,,2017-08-23,closed,,,,,2019-03-15,,
"capital commercial investments, inc.",tenured,cci-clear lake ix,houston,tx,office,equity,opportunistic,24.6,1.9,14.8,,3.0,,8.0,25000,59.1,accredited investors only,no,no,,2017-08-18,closed,,,,,2019-03-26,,
halpern real estate ventures,seasoned,sheldrake lofts,mamaroneck,ny,multifamily,equity,development,22.0,1.81,2.5,Quarterly,3.0,2019-10-31,8.0,50000,65.8,accredited investors only,no,no,,2017-08-16,closed,,,,,2019-08-16,,
block funds,tenured,papillon parc (dba waterchase gardens),fort worth,tx,multifamily,equity,value add,15.6,3.31,9.0,Monthly,10.0,2017-10-31,8.0,37300,71.0,accredited investors only,no,no,,2017-08-14,closed,2017-10-01,2017-10-01,2019-07-10,2019-07-10,2019-03-26,0.12,0.0024
vukota capital management,seasoned,bridgeport apartments,irving,tx,multifamily,equity,value add,14.1,2.9,9.8,Monthly,10.0,2017-09-22,8.0,25000,63.4,accredited investors only,no,no,,2017-08-03,closed,2017-08-31,2017-09-25,2019-10-25,2019-10-25,2019-03-07,0.17,0.0034999999999999996
henley usa,tenured,sonoma villas and pines,phoenix,az,multifamily,equity,value add,22.7,2.1,10.5,Quarterly,4.0,2019-02-01,8.0,25000,82.3,accredited investors only,no,no,,2017-08-02,closed,2017-09-30,2017-11-08,2019-05-10,2019-05-10,2019-05-03,1.52,0.0304
alpha capital partners,seasoned,wolf creek student condos,college station,tx,multifamily,equity,core plus,18.6,2.1,11.0,Monthly,5.0,2017-10-31,8.0,20000,71.3,accredited investors only,no,no,,2017-07-28,closed,2017-09-30,2017-10-25,2019-06-30,2019-07-31,2019-03-28,0.09,0.0018
big v acquisitions llc,seasoned,crossroads south,atlanta,ga,retail,equity,value add,17.9,2.1,8.9,Quarterly,5.0,2017-10-31,8.0,25000,72.4,accredited investors only,no,no,,2017-07-21,closed,2017-09-30,2017-10-31,2019-09-30,2019-10-10,2019-03-14,0.14,0.0028000000000000004
"windmill investments, llc",seasoned,diamond loch apartments,north richland hills,tx,multifamily,equity,value add,14.0,1.5,,Quarterly,4.0,,,25000,,accredited investors only,no,no,,2017-07-21,realized,,,,,,,
willow creek partners,emerging,willow creek gso portfolio,greensboro,nc,multifamily,equity,value add,19.9,2.23,10.0,Quarterly,5.0,2017-10-01,8.0,25000,67.0,accredited investors only,no,no,,2017-07-19,closed,2017-09-30,2017-10-31,2019-06-30,2019-08-02,2019-05-09,0.14,0.0027
castle lanterra properties,seasoned,loftin place,west palm beach,fl,multifamily,equity,core plus,11.7,2.3,8.9,Quarterly,10.0,2017-10-31,7.0,50000,65.1,accredited investors only,no,no,,2017-07-11,closed,2017-09-30,2017-10-26,2019-06-30,2019-08-07,2019-08-23,0.1,0.0019
terrapin investments,seasoned,sheraton abq airport hotel,albuquerque,nm,hospitality,equity,value add,24.4,1.83,15.9,Quarterly,3.0,2017-10-31,9.0,25000,73.9,accredited investors only,no,no,,2017-07-10,closed,2017-06-30,2017-11-02,2019-03-31,2019-04-26,2019-03-28,0.15,0.0029
nicholas residential,emerging,valencia apartments,fort worth,tx,multifamily,equity,value add,18.0,2.03,9.9,Monthly,4.0,2017-10-31,10.0,25000,70.8,accredited investors only,no,no,,2017-06-29,closed,2017-10-31,2017-10-31,2018-09-30,2018-11-27,2019-10-16,0.1,0.0021
us residential fund,seasoned,patriot's pointe,hillsborough,nc,multifamily,equity,core plus,16.3,2.0,8.4,Annually,5.0,2017-07-01,8.0,20000,59.0,accredited investors only,no,no,,2017-06-29,realized,2017-06-30,2017-06-30,2018-12-31,2018-12-31,,1.29,0.0258
scanlankemperbard,tenured,high street,phoenix,az,multi-use,equity,value add,17.8,2.05,8.9,Quarterly,5.0,2017-10-31,12.0,50000,64.0,accredited investors only,no,no,,2017-06-19,closed,2018-03-31,2018-04-30,2019-06-30,2019-07-31,2019-04-14,0.19,0.0038
"margules properties, inc.",tenured,"sunnyside queens, nyc",queens,ny,multifamily,equity,value add,15.7,2.01,4.3,Quarterly,5.0,2018-10-31,8.0,50000,47.8,accredited investors only,no,no,,2017-06-19,closed,,,,,2019-10-04,,
virtua partners,emerging,virtua high growth fund iii,multiple,multiple,multi-use,equity,opportunistic,30.0,2.2,,,3.0,,15.0,50000,,accredited investors only,no,no,,2017-06-19,closed,2018-08-29,2018-08-29,2019-06-28,2019-06-28,2019-07-01,0.1,0.002
alpha capital partners,seasoned,alpha healthcare fund i,multiple,multiple,office,equity,value add,20.0,1.95,12.0,Monthly,4.0,2017-07-25,8.0,20000,71.8,accredited investors only,no,no,,2017-06-06,closed,2017-06-30,2017-06-23,2019-09-30,2019-10-01,2019-03-29,0.18,0.0036
urban green,seasoned,burnside,portland,or,multifamily,equity,development,22.0,1.93,,Quarterly,4.0,2018-12-01,,25000,,accredited investors only,no,no,,2017-05-10,realized,2018-06-30,2018-06-22,2018-06-30,2018-06-22,2019-06-15,1.6,0.0319
block funds,tenured,46 penn centre,kansas city,mo,office,equity,development,14.75,3.33,8.1,Annually,10.0,2020-01-31,,50000,70.0,accredited investors only,no,no,,2017-05-05,closed,,,,,2019-09-03,,
rreaf,tenured,days inn pensacola,pensacola,fl,hospitality,equity,value add,32.0,2.16,14.8,Quarterly,3.0,2017-08-31,8.0,25000,68.0,accredited investors only,no,no,,2017-05-04,closed,2017-03-31,2017-08-11,2019-06-30,2019-07-30,2019-09-17,0.17,0.0034999999999999996
"windmill investments, llc",seasoned,clear point gardens,columbus,oh,multifamily,equity,value add,16.7,1.95,8.0,Quarterly,5.0,2017-07-01,,50000,,accredited investors only,no,no,,2017-05-02,realized,2017-06-30,2017-06-30,2018-08-28,2018-08-28,2019-04-04,1.54,0.0308
encore enterprises,tenured,encore gp investment fund,multiple,multiple,multi-use,equity,value add,21.0,1.8,,Quarterly,6.0,2019-01-15,8.0,50000,80.0,accredited investors only,no,no,,2017-05-02,closed,2018-12-31,2018-12-31,2019-09-30,2019-09-30,2019-09-10,,0.0001
avistone,emerging,northgate business park iii,dallas,tx,industrial,equity,core plus,13.2,1.8,8.0,Monthly,5.0,,8.0,50000,62.97,accredited investors only,no,no,,2017-04-21,closed,2017-04-30,2017-05-15,2019-08-31,2019-09-15,2019-09-24,0.17,0.0033
"capital commercial investments, inc.",tenured,cci-cottonwood,irving,tx,office,equity,value add,20.8,2.1,10.0,,4.0,,8.0,25000,60.0,accredited investors only,no,no,,2017-04-19,closed,,,,,2019-03-11,,
vukota capital management,seasoned,torrey pines apartment homes,denver,co,multifamily,equity,value add,13.6,2.7,9.6,Quarterly,10.0,2017-07-01,8.0,25000,72.38,accredited investors only,no,no,,2017-04-17,closed,2017-05-31,2017-06-22,2019-10-25,2019-10-25,2019-03-07,0.2,0.004
dominion diversified real estate group,seasoned,comfort inn at monticello,charlottesville,va,hospitality,equity,core plus,21.3,2.23,15.0,Quarterly,5.0,2017-06-01,9.0,25000,72.92,accredited investors only,no,no,,2017-03-22,closed,2017-09-30,2017-09-05,2018-09-30,2018-10-09,2019-08-13,0.08,0.0015
alpha capital partners,seasoned,lake land living,mattoon,il,multifamily,equity,value add,24.9,2.55,17.6,Monthly,5.0,2017-05-01,10.0,20000,73.8,accredited investors only,no,no,,2017-03-20,closed,2017-06-30,2017-06-23,2018-03-31,2018-05-18,2019-03-29,0.09,0.0018
fiola communities,emerging,fc alondra 37,norwalk,ca,multifamily,equity,value add,18.8,1.41,19.0,Quarterly,2.0,,8.0,30000,66.8,accredited investors only,no,no,,2017-03-16,realized,,,,,2018-03-16,,
westmount realty equities,tenured,westmount at london park,houston,tx,multifamily,equity,value add,15.2,1.9,9.8,Quarterly,5.0,,9.0,25000,68.57,accredited investors only,no,no,,2017-03-16,closed,2017-03-31,2017-04-21,2019-06-30,2019-07-25,2019-03-15,0.24,0.0048
the dolben company,tenured,residences at great pond,randolph,ma,multifamily,equity,development,14.4,2.4,7.3,Quarterly,7.0,2019-01-15,8.0,50000,72.37,accredited investors only,no,no,,2017-03-12,closed,2018-12-31,2018-12-31,2019-01-31,2019-01-31,2019-03-13,0.36,0.0070999999999999995
block funds,tenured,traders on grand,kansas city,mo,multi-use,equity,development,25.7,3.4,19.8,Quarterly,7.0,2020-01-15,10.0,50000,54.2,accredited investors only,no,no,,2017-03-08,closed,,,,,2019-07-30,,
big v acquisitions llc,seasoned,gunbarrel place,chattanooga,tn,retail,equity,value add,21.4,2.8,10.7,Quarterly,6.0,,8.0,25000,70.4,accredited investors only,no,no,,2017-03-07,closed,2017-03-31,2017-04-17,2019-09-30,2019-09-20,2019-03-12,0.49,0.0098
hayman properties,seasoned,parkway office centre (dba vibe arts district),denver,co,office,equity,value add,18.7,1.9,8.0,Monthly,4.0,2017-02-01,8.0,25000,71.78,accredited investors only,no,no,,2017-03-01,closed,2017-03-31,2017-04-17,2018-04-27,2018-04-27,2019-07-27,0.09,0.0017000000000000001
mainstreet,seasoned,southern wesleyan residence hall,central,sc,multifamily,equity,development,17.0,2.13,6.27,Quarterly,5.0,2017-12-30,9.0,10000,75.0,accredited investors only,no,no,,2017-02-16,closed,2017-12-31,2018-01-05,2019-03-31,2019-04-25,2019-08-06,0.12,0.0023
ilan investments,tenured,vineyard springs,san antonio,tx,multifamily,equity,core plus,15.3,2.14,7.5,Quarterly,6.0,2017-01-01,7.5,50000,68.89,accredited investors only,no,no,,2017-02-10,closed,2017-06-30,2017-06-30,2019-05-31,2019-06-30,2019-03-04,0.17,0.0034999999999999996
westpac,tenured,elevation apartments,okemos,mi,multifamily,equity,development,21.7,2.79,15.3,Quarterly,6.0,2019-12-31,8.0,25000,78.71,accredited investors only,no,no,,2017-02-10,closed,,,,,2019-03-15,,
vertical ventures,seasoned,hellyer oaks technology park,san jose,ca,office,equity,value add,38.7,1.91,10.8,Quarterly,2.0,2017-04-01,10.0,25000,79.93,accredited investors only,no,no,,2017-02-10,closed,2017-06-30,2017-07-17,2019-03-31,2019-03-08,2019-03-15,1.08,0.0215
arborcrowd,tenured,clinton hill multifamily portfolio,brooklyn,ny,multifamily,portfolio,value add,13.5,1.75,3.5,Quarterly,4.0,,,25000,54.12,accredited investors only,no,no,,2017-02-07,closed,2019-02-20,2019-02-21,2019-02-20,2019-02-21,2019-10-04,0.16,0.0032
henry s. miller,tenured,highway 66 storage,garland,tx,storage,equity,development,23.1,2.77,8.5,Quarterly,5.0,2020-02-15,8.5,25000,75.0,accredited investors only,no,no,,2017-02-06,closed,,,,,2019-04-10,,
intellistay hospitality,emerging,intellistay courtyard tulsa,tulsa,ok,hospitality,equity,value add,20.9,2.59,18.8,Monthly,7.0,,10.0,10000,68.53,accredited investors only,no,no,,2017-02-06,closed,2017-05-31,2017-05-01,2017-09-30,2017-09-01,2019-03-12,0.04,0.0008
bridgeton holdings & westview group,seasoned,watt hotel & retail,rahway,nj,hospitality,equity,opportunistic,20.7,2.28,14.8,Quarterly,5.0,2019-04-16,8.0,25000,68.5,accredited investors only,no,no,,2017-01-25,realized,2019-05-07,2019-05-07,2019-05-07,2019-05-07,,1.36,0.027200000000000002
alpha capital partners,seasoned,vitae residences,denton,tx,multifamily,equity,core plus,20.1,2.25,10.1,Quarterly,5.0,,8.0,10000,72.5,accredited investors only,no,no,,2017-01-17,closed,2017-03-31,2017-05-25,2019-03-31,2019-04-30,2019-03-28,0.11,0.0022
ilan investments,tenured,portofino at las colinas,farmers branch,tx,multifamily,equity,core plus,14.9,2.09,8.0,Quarterly,6.0,,8.0,50000,71.02,accredited investors only,no,no,,2016-12-28,closed,2017-03-31,2017-05-03,2019-06-30,2019-07-31,2019-02-22,0.2,0.004
ilan investments,tenured,domain at kirby,houston,tx,multifamily,equity,core plus,14.7,2.06,8.0,Semi Annually,6.0,2017-04-01,8.0,50000,81.38,accredited investors only,no,no,,2016-12-22,closed,2017-06-30,2017-07-31,2019-06-30,2019-07-31,2019-02-22,0.2,0.004
"windmill investments, llc",seasoned,peanut factory lofts,san antonio,tx,multifamily,equity,core plus,15.4,1.93,7.4,Quarterly,5.0,,,25000,72.58,accredited investors only,no,no,,2016-12-17,closed,2017-06-30,2017-08-16,2017-06-30,2017-08-16,2019-03-27,0.01,0.0002
o'donnell group,tenured,o'donnell opportunity fund v,multiple,multiple,multi-use,equity,core plus,15.0,1.8,8.0,Quarterly,6.0,,10.0,25000,,accredited investors only,no,no,,2016-12-16,closed,2016-03-31,2017-03-23,2019-05-31,2019-06-24,2019-10-14,0.37,0.0074
intellistay hospitality,emerging,intellistay fairfield tulsa,tulsa,ok,hospitality,equity,value add,22.2,2.9,18.9,Monthly,7.0,2018-02-28,10.0,10000,80.2,accredited investors only,no,no,,2016-12-06,closed,2017-05-31,2017-05-01,2018-05-31,2018-05-01,2019-03-12,0.13,0.0025
alpha capital partners,seasoned,the washburn,memphis,tn,multifamily,equity,core plus,20.7,2.28,12.0,Monthly,5.0,2017-01-01,8.0,10000,76.32,accredited investors only,no,no,,2016-11-16,closed,2017-01-31,2017-02-20,2019-07-31,2019-09-06,2019-03-28,0.18,0.0036
nicholas residential,emerging,somerset & stratton park,fort worth,tx,multifamily,equity,value add,19.8,2.2,13.5,Monthly,5.0,2016-12-31,10.0,25000,73.0,accredited investors only,no,no,,2016-11-07,closed,2016-12-31,2016-12-31,2018-09-12,2018-09-12,2019-10-15,0.18,0.0037
vukota capital management,seasoned,tudor heights,omaha,ne,multifamily,equity,value add,14.8,2.8,11.5,Monthly,10.0,2016-11-01,8.0,25000,71.9,accredited investors only,no,no,,2016-11-01,closed,2016-11-30,2016-12-21,2018-09-24,2018-09-24,2019-03-28,0.19,0.0038
encore enterprises,tenured,encore phoenix,phoenix,az,multifamily,equity,development,18.3,2.3,8.0,,5.0,,8.0,100000,66.0,accredited investors only,no,no,,2016-10-26,closed,,,,,2019-03-14,,
twinrock partners,seasoned,lyfe @ missouri,columbia,mo,multifamily,equity,core plus,17.7,2.6,10.6,Quarterly,7.0,,8.0,50000,73.9,accredited investors only,no,no,,2016-10-25,closed,2016-12-31,2017-02-12,2016-12-31,2017-02-12,2019-03-26,0.02,0.0003
virtua partners,emerging,addison corporate center,windsor,ct,office,equity,opportunistic,34.9,2.46,,,3.0,,15.0,25000,64.65,accredited investors only,no,no,,2016-10-17,closed,,,,,2019-09-11,,
mascia development,seasoned,cincinnati medical portfolio,multiple,oh,office,equity,core plus,15.2,3.25,9.0,Monthly,10.0,2016-11-21,,10000,57.42,accredited investors only,no,no,,2016-10-13,closed,1900-01-02,1900-01-02,2018-06-15,2018-06-15,2018-03-08,0.12,0.0034999999999999996
fiola communities,emerging,san dimas apartments,san dimas,ca,multifamily,equity,value add,27.7,1.55,1.0,Quarterly,2.0,2017-12-31,8.0,30000,66.3,accredited investors only,no,no,,2016-10-05,closed,,,,,2018-03-14,,
block funds,tenured,village at juban lakes,denham springs,la,multifamily,equity,core plus,14.3,2.9,9.9,Monthly,10.0,2018-04-01,,37633,70.06,accredited investors only,no,no,,2016-09-28,closed,2016-08-31,2016-08-31,2019-09-10,2019-09-10,2019-04-12,0.17,0.0051
o'donnell group,tenured,e-commerce distribution center,memphis,tn,industrial,equity,value add,25.2,2.93,7.7,Quarterly,5.0,,10.0,50000,72.0,accredited investors only,no,no,,2016-09-18,closed,2017-01-31,2018-01-08,2019-06-30,2019-06-24,2019-03-25,1.25,0.0375
alpha capital partners,seasoned,front street properties,memphis,tn,multifamily,equity,core plus,19.9,2.24,12.6,Monthly,5.0,,8.0,10000,76.71,accredited investors only,no,no,,2016-09-15,closed,2016-10-31,2016-11-18,2018-11-30,2018-12-24,2019-03-29,0.09,0.0028000000000000004
mirzam venture capital,emerging,fountains of fellsmere,fellsmere,fl,senior housing,debt,development,11.2,1.6,8.0,Quarterly,5.0,,7.0,20000,19.2,accredited investors only,no,no,,2016-09-11,closed,2016-09-30,2016-10-18,2018-12-31,2019-01-14,,0.2,0.0059
charter stone capital,seasoned,entrance at lakeway,lakeway,tx,retail,equity,value add,20.7,1.5,7.6,Monthly,2.0,,10.0,25000,60.0,accredited investors only,no,no,,2016-09-09,closed,2016-09-30,2016-10-05,2018-12-31,2019-01-01,2019-02-21,0.22,0.0066
olympus property,tenured,olympus fund v,multiple,multiple,multifamily,equity,core,10.0,1.54,7.8,Quarterly,6.0,,7.0,25000,72.0,accredited investors only,no,no,,2016-08-26,closed,2015-02-28,2016-02-01,2019-03-31,2019-03-31,2019-10-03,0.35,0.0105
scanlankemperbard,tenured,hoyt20,portland,or,multifamily,equity,development,17.3,2.2,10.7,,7.0,,,25000,,accredited investors only,no,no,,2016-08-25,realized,2018-12-31,2018-11-15,2019-06-30,2019-06-10,2019-04-22,1.58,0.047400000000000005
ilan investments,tenured,tampa woods - class b,tampa,fl,multifamily,equity,core plus,14.5,2.7,9.0,Semi Annually,10.0,,9.0,50000,75.0,accredited investors only,no,no,,2016-08-09,closed,2016-11-30,2016-11-29,2019-06-30,2019-07-31,2019-02-22,0.26,0.0078000000000000005
virtua partners,emerging,virtua high growth fund ii,multiple,multiple,multi-use,equity,opportunistic,30.0,2.2,,,3.0,,15.0,25000,,accredited investors only,no,no,,2016-07-31,closed,2017-11-30,2017-11-10,2019-04-10,2019-04-10,2019-07-19,0.16,0.0049
franklin realty,seasoned,franklin opportunity fund ii,lehigh valley,pa,office,equity,value add,17.7,2.0,8.0,Quarterly,5.0,,8.0,25000,,accredited investors only,no,no,,2016-07-28,closed,2016-06-30,2016-07-15,2019-10-11,2019-10-11,2019-08-15,0.27,0.008199999999999999
kri capital partners,seasoned,arbours at garden grove,winter haven,fl,multifamily,equity,core plus,17.1,2.04,8.0,Quarterly,5.0,,8.0,25000,71.8,accredited investors only,no,no,,2016-07-27,closed,2016-09-30,2016-10-24,2019-06-30,2019-07-25,2019-10-15,0.82,0.0245
block funds,tenured,the waterside residences,lenexa,ks,multifamily,equity,development,23.0,2.4,17.6,Quarterly,5.0,,8.0,50500,76.01,accredited investors only,no,no,,2016-07-20,closed,2016-04-15,2016-04-15,2019-09-10,2019-09-10,2019-05-01,1.0,0.029900000000000003
core properties west,emerging,chameleon apartments,seattle,wa,multifamily,equity,value add,35.8,2.5,4.4,Monthly,3.0,2017-06-01,8.0,50000,78.1,accredited investors only,no,no,,2016-07-07,closed,,,,,,,
arrowpoint properties,emerging,river's edge,haverhill,ma,multifamily,equity,value add,28.1,3.84,16.0,Quarterly,7.0,,8.0,25000,78.77,accredited investors only,no,no,,2016-06-20,closed,2016-12-31,2017-01-12,2019-06-30,2019-07-16,2019-03-06,0.39,0.0116
everest healthcare properties,seasoned,everest west central,delaware,oh,office,equity,value add,20.2,2.29,9.6,Monthly,5.0,,7.0,25000,74.87,accredited investors only,no,no,,2016-05-15,closed,2016-05-31,2016-06-01,2019-10-31,2019-09-30,2019-03-05,0.22,0.0067
intellistay hospitality,emerging,intellistay lima,lima,oh,hospitality,equity,value add,23.6,2.3,18.8,Monthly,5.0,,10.0,10000,67.2,accredited investors only,no,no,,2016-05-15,closed,2016-08-31,2016-08-01,2019-08-31,2019-08-01,2019-03-12,0.44,0.0132
mascia development,seasoned,val verde place,la vista,ne,retail,equity,value add,15.8,1.95,8.2,Quarterly,5.0,,,10000,64.78,accredited investors only,no,no,,2016-05-12,closed,1900-01-02,1900-01-02,2018-06-30,2018-06-15,2018-03-10,0.11,0.0032
virtua partners,emerging,plymouth meeting,plymouth meeting,pa,hospitality,equity,value add,21.7,2.4,10.0,Monthly,5.0,,,25000,83.27,accredited investors only,no,no,,2016-05-12,closed,,,,,2018-05-25,,
brooklyn standard properties,emerging,west 107th,new york,ny,multifamily,equity,value add,14.0,1.6,9.6,Annually,5.0,,8.0,10000,69.57,accredited investors only,no,no,,2016-04-30,closed,2016-12-31,2017-01-26,2017-03-31,2017-05-04,2019-03-14,0.01,0.0004
"smartcap, inc.",seasoned,south seattle business park,seattle,wa,multi-use,equity,value add,20.4,2.3,8.6,Quarterly,5.0,,,25000,,accredited investors only,no,no,,2016-04-19,realized,2016-09-30,2016-10-20,2019-05-24,2019-05-24,2019-03-14,2.31,0.0692
denholtz properties,tenured,490 first avenue,st. petersburg,fl,office,equity,value add,19.7,2.3,8.0,Quarterly,5.0,,,25000,,accredited investors only,no,no,,2016-04-12,realized,2016-06-30,2016-06-30,2019-06-30,2019-06-30,2019-03-28,1.57,0.047
encore enterprises,tenured,encore gp acquisition fund ii,multiple,multiple,multi-use,equity,opportunistic,24.0,2.1,,,6.0,,8.0,25000,,accredited investors only,no,no,,2016-02-23,closed,2017-02-28,2017-12-31,2019-09-30,2019-09-30,2019-09-10,0.02,0.0006
emerge investments,emerging,ivy at clear creek,houston,tx,multifamily,equity,value add,19.6,2.24,10.2,Quarterly,5.0,,8.0,25000,71.45,accredited investors only,no,no,,2016-02-12,realized,2016-06-30,2016-07-20,2019-05-01,2019-06-25,2018-04-02,1.69,0.0508
intellistay hospitality,emerging,intellistay boonville,boonville,mo,hospitality,equity,value add,24.3,2.4,21.2,Monthly,5.0,,10.0,15000,79.32,accredited investors only,no,no,,2016-02-12,closed,2016-04-30,2016-04-01,2019-08-31,2019-08-01,2019-09-09,0.54,0.0163
cadence asset management,seasoned,cadence retail income fund,multiple,multiple,multi-use,equity,value add,15.0,2.01,5.5,Quarterly,5.0,2016-04-11,7.0,50000,,accredited investors only,no,no,,2016-02-12,closed,,,,,,,
denholtz properties,tenured,100 east pine street,orlando,fl,office,equity,value add,17.6,2.08,8.0,Quarterly,5.0,,8.0,25000,79.45,accredited investors only,no,no,,2016-02-11,closed,2016-03-31,2016-03-31,2019-09-29,2019-09-30,2019-03-07,0.72,0.0215
virtua partners,emerging,britannia business center i,pleasanton,ca,office,equity,opportunistic,30.0,2.2,19.24,Quarterly,3.0,2019-12-31,15.0,25000,59.71,accredited investors only,no,no,,2016-01-28,closed,,,,,2018-05-24,,
keystone property group,tenured,1200 corporate place,boca raton,fl,office,equity,core plus,14.4,1.82,9.0,,5.0,,8.5,25000,81.04,accredited investors only,no,no,,2016-01-13,closed,,,,,,,
urban green,seasoned,welbrook santa monica memory care,santa monica,ca,senior housing,equity,opportunistic,22.1,2.6,19.2,Quarterly,5.0,2020-03-31,10.0,25000,61.8,accredited investors only,no,no,,2016-01-05,closed,,,,,2019-04-10,,
global senior housing,emerging,new haven assisted living,spring,tx,senior housing,equity,opportunistic,24.3,2.1,,Quarterly,5.0,,10.0,10000,75.7,accredited investors only,no,no,,2016-01-04,closed,2015-12-31,2015-12-31,2018-03-31,2018-03-31,2019-03-15,0.24,0.0070999999999999995
encore enterprises,tenured,harrisonburg doubletree,harrisonburg,va,hospitality,equity,value add,19.5,2.2,25.51,Quarterly,5.0,2018-04-30,8.0,25000,61.0,accredited investors only,no,no,,2016-01-02,closed,2018-03-31,2018-03-31,2019-09-30,2019-09-30,2019-09-06,0.05,0.0015
hayman properties,seasoned,abb corporate,westerville,oh,office,equity,value add,17.5,1.57,8.0,Quarterly,3.0,,8.0,25000,72.76,accredited investors only,no,no,,2016-01-01,closed,2016-03-31,2016-04-20,2018-04-19,2018-04-19,2019-07-27,0.18,0.0054
olympus property,tenured,olympus fund iv,multiple,multiple,multi-use,equity,core,11.41,7.8,11.88,Quarterly,5.0,,7.0,25000,74.3,accredited investors only,no,no,,2015-11-20,closed,2015-02-28,2015-05-01,2019-03-31,2019-03-31,2019-10-03,0.32,0.0096
westmount realty equities,tenured,westmount at colonnade,grand prairie,tx,multifamily,equity,value add,18.3,2.09,10.65,Quarterly,5.0,,10.0,25000,72.52,accredited investors only,no,no,,2015-11-16,realized,2015-12-31,2016-01-26,2018-12-20,2019-01-31,2019-10-14,1.52,0.0455
kleban properties,seasoned,2321 university blvd,tuscaloosa,al,multi-use,equity,value add,19.3,2.1,14.0,Quarterly,5.0,,9.0,15000,69.24,accredited investors only,no,no,,2015-11-06,closed,2016-03-31,2016-03-31,2017-06-30,2017-06-30,2019-03-06,0.38,0.0113
bancroft,tenured,sixth avenue west,golden,co,office,equity,value add,17.0,1.9,11.5,Quarterly,5.0,,8.0,25000,74.4,accredited investors only,no,no,,2015-10-02,closed,2015-12-31,2016-02-09,2016-12-31,2017-02-15,2018-03-20,0.11,0.0045000000000000005
westmount realty equities,tenured,westmount at summer cove,grand prairie,tx,multifamily,equity,value add,18.0,2.0,11.1,Quarterly,5.0,,10.0,25000,71.2,accredited investors only,no,no,,2015-09-27,closed,2015-12-31,2016-02-04,2019-06-30,2019-07-25,2019-10-14,0.29,0.0116
capital real estate,tenured,ponderosa ranch fka sienna apartments,tempe,az,multifamily,equity,value add,17.0,2.03,8.0,Quarterly,5.0,,8.0,25000,69.7,accredited investors only,no,no,,2015-08-31,closed,2015-01-31,2015-10-23,2018-10-24,2018-10-24,2019-03-05,0.84,0.0336
aldwin apartments,emerging,oak chase,fort worth,tx,multifamily,equity,value add,16.5,1.81,8.6,Quarterly,5.0,,8.0,25000,76.0,accredited investors only,no,no,,2015-08-23,closed,2015-12-31,2016-02-02,2019-06-30,2019-07-31,2018-04-03,0.58,0.023399999999999997
phoinix capital partners,emerging,1380 garnet retail center,san diego,ca,retail,equity,opportunistic,23.7,1.53,7.47,Quarterly,2.0,,10.0,25000,49.8,accredited investors only,no,no,,2015-07-24,closed,,,,,2018-03-21,,
"the william warren group, inc.",tenured,storquest: tempe / warner (1063),tempe,az,storage,equity,core plus,12.1,2.4,9.9,Quarterly,10.0,,8.0,25000,59.0,accredited investors only,no,no,,2015-06-30,closed,2015-06-30,2015-07-15,2018-12-31,2019-01-15,2019-03-08,0.28,0.011200000000000002
mainstreet,seasoned,mainstreet bloomington,bloomington,in,senior housing,debt,core plus,14.0,1.3,,Quarterly,2.0,,,10000,,accredited investors only,no,no,,2015-06-07,realized,2014-06-30,2014-09-30,2018-08-15,2018-08-15,,1.12,0.0447
"windmill investments, llc",seasoned,timber oaks apartments,midlothian,tx,multifamily,equity,value add,17.8,2.14,7.1,Quarterly,5.0,,,35000,,accredited investors only,no,no,,2015-06-04,realized,2015-03-31,2015-05-15,2018-09-19,2018-09-19,2019-03-26,1.63,0.06509999999999999
aldwin apartments,emerging,villas at leblanc park,fort worth,tx,multifamily,equity,value add,19.6,1.73,,Quarterly,5.0,,,25000,,accredited investors only,no,no,,2015-04-16,realized,2015-06-30,2015-07-29,2017-12-31,2017-12-12,2018-04-03,1.42,0.056900000000000006
urban green,seasoned,1924 franklin,oakland,ca,office,equity,value add,18.1,1.6,14.6,Quarterly,3.0,,10.0,25000,69.0,accredited investors only,no,no,,2015-04-03,realized,2016-01-31,2016-12-12,2016-01-31,2016-12-12,2019-04-03,0.25,0.0101
everwest real estate partners,tenured,30 knightsbridge rd,piscataway,nj,office,debt,core plus,10.5,1.64,10.5,Quarterly,5.0,,11.5,25000,,accredited investors only,no,no,,2015-01-27,closed,2015-03-31,2015-01-08,2019-03-31,2019-04-01,2019-03-29,0.39,0.015700000000000002
