Sponsor,Sponsor Experience,Offering,Offering City,Offering State,Property Type,Investment Structure,Investment Profile,Targeted Investor IRR (%),Targeted Investor Equity Multiple,Targeted Avg Annual Cash Yield (%),Targeted Distribution Period,Targeted Investment Period (Years),Targeted First Distribution Date,Preferred Return (%),Minimum Investment ($),Loan-to-Cost (%),Investor Accreditation,1031 Exchange?,Opportunity Zone?,Date Funds Due,Date Closed,Offering Status,First Distribution (Period End Date),First Distribution (Payment Date),Last Distribution (Period End Date),Last Distribution (Payment Date),Last Tax Document Date,Realized Investor Equity Multiple,Realized Avg Annual Cash Yield (%),Disposition Date,Realized Investor IRR (%)
CrowdStreet Investments,Blended,CrowdStreet Blended Portfolio - Series V,Multiple Cities,OR,Multi-Use,Equity Fund,Value Add,18,2,6,Quarterly,8,,8,25000,63,Accredited Investors Only,No,No,,,Funding,,,,,,,,,
CrowdStreet Advisors,Blended,Private Managed Accounts by CrowdStreet Advisors,Portland,Oregon,Multi-Use,Equity Fund,Value Add,,,,Quarterly,,,,250000,,Accredited Investors Only,No,No,,,Funding,,,,,,,,,
CrowdStreet Advisors,Blended,CrowdStreet Opportunity Zone Portfolio,Multiple Cities,U.S.,Multi-Use,Equity,Opportunistic,10,2,6,Quarterly,10,,,100000,,Accredited Investors Only,No,Yes,11/7/2019,11/4/2019,Funding,,,,,,,,,
Trion Properties,Seasoned,Meadows Apartments,Newark,CA,Multifamily,Equity,Value Add,15.9,1.5,4.2,Quarterly,3,,8,50000,65.2,Accredited Investors Only,No,No,11/12/2019,11/8/2019,Funding,,,,,,,,,
Capstone Realty Group,Tenured,1700 Palm Beach Lakes,West Palm Beach,FL,Office,Equity,Value Add,19.1,2,8.7,Quarterly,4,,12.5,25000,,Accredited Investors Only,No,No,10/30/2019,,Funding,,,,,,,,,
WestPac,Tenured,Elevation at Okemos (Ph II),Okemos,MI,Multifamily,Equity,Development,18,1.6,21.1,Quarterly,3,,,25000,74.5,Accredited Investors Only,No,No,11/29/2019,11/26/2019,Funding,,,,,,,,,
Cascadia Senior Living & Development,Seasoned,Fieldstone Memory Care - Puyallup,Puyallup,WA,Senior Housing,Equity,Development,22.5,1.8,4.8,Quarterly,3,,8,25000,,Accredited Investors Only,No,No,11/29/2019,11/26/2019,Funding,,,,,,,,,
One Real Estate Investment,Seasoned,Axiom Apartments Charlotte,Charlotte,NC,Multifamily,Equity,Core Plus,14.7,1.9,9.1,Quarterly,5,,8,25000,70.8,Accredited Investors Only,No,No,11/8/2019,11/5/2019,Funding,,,,,,,,,
SSI,Tenured,61 State Street,Charleston,SC,Hospitality,Preferred Equity,Value Add,17.4,1.9,7.9,Quarterly,5,,8,50000,50,Accredited Investors Only,No,No,11/15/2019,11/12/2019,Funding,,,,,,,,,
Middleburg Real Estate Partners,Tenured,Mosby Riverlights,Wilmington,North Carolina,Multifamily,Equity,Development,20.4,1.7,7.2,Quarterly,3,,,25000,75.2,Accredited Investors Only,No,No,11/8/2019,11/5/2019,Funding,,,,,,,,,
Flywheel Capital Partners,Emerging,Colorado Springs Office Portfolio,Colorado Springs,Colorado,Office,Equity,Core Plus,18.6,2.1,11.3,Quarterly,5,,,25000,60.2,Accredited Investors Only,No,No,10/25/2019,10/22/2019,Closed,,,,,,,,,
Block Funds,Tenured,Villas at WaterSide,Lenexa,KS,Multifamily,Equity,Opportunistic,13.5,3.6,8.4,Quarterly,12,,8,25000,70,Accredited Investors Only,No,No,11/1/2019,10/22/2019,Closed,,,,,,,,,
Bridgeview,Seasoned,BV Multifamily Fund I,Multiple Locations,U.S.,Multi-Use,Equity Fund,Opportunistic,22,2.88,8,Quarterly,7,2/1/2018,8,25000,80.98,Accredited Investors Only,No,No,10/25/2019,10/21/2019,Closed,12/31/2017,12/7/2017,6/30/2019,8/1/2019,5/17/2019,0.03,,,
Block Funds,Tenured,Westowne Center Retail,West Des Moines,Iowa,Multifamily,Equity,Core Plus,19.4,2.2,10.2,Quarterly,5,,,25000,63.6,Accredited Investors Only,No,No,10/28/2019,10/18/2019,Closed,,,,,,,,,
Liquid Capital,Emerging,Avia Riverside Apartments,Roswell,GA,Multifamily,Equity,Value Add,18.9,1.9,13.2,Quarterly,5,,8,25000,61.4,Accredited Investors Only,No,No,10/15/2019,10/11/2019,Closed,,,,,,,,,
Vertical Ventures,Seasoned,Vertical Ventures Fund I,Greater SF Bay Area,CA,Multi-Use,Equity Fund,Opportunistic,19,2,7,Quarterly,7,,,100000,,Accredited Investors Only,No,No,,,Funding,,,,,,,,,
McFarlin Group,Seasoned,The Ivy of McKinney,McKinney,TX,Senior Housing,Equity,Value Add,19.1,2,6.3,Quarterly,4,,10,25000,73.2,Accredited Investors Only,No,No,10/25/2019,10/7/2019,Closed,,,,,,,,,
CrowdStreet Investments,Blended,CrowdStreet Blended Portfolio - Summer 2019,Multiple Cities,U.S.,Multi-Use,Equity Fund,Value Add,18,2.5,6,Quarterly,8,,8,25000,66.7,Accredited Investors Only,No,No,10/10/2019,10/3/2019,Closed,,,,,,,,,
Trueline Capital,Emerging,Trueline Capital Fund II,Pacific Northwest,,Residential,Debt Fund,Core Plus,11,1.2,8,Monthly,2,,8,25000,,Accredited Investors Only,No,No,,10/1/2019,Closed,1/31/2016,1/7/2016,9/30/2019,10/16/2019,5/28/2019,0.21,,,
GWR Equities,Seasoned,Trails at City Park,Houston,TX,Multifamily,Equity,Value Add,15.2,2.5,7,Monthly,7,,9,25000,74.5,Accredited Investors Only,No,No,11/8/2019,11/5/2019,Funding,,,,,,,,,
Rhodium Capital Advisors,Seasoned,Summit Ridge Apartments,Charlotte,NC,Multifamily,Equity,Value Add,19.8,1.9,17.4,Quarterly,5,,8,40000,62.3,Accredited Investors Only,No,No,10/7/2019,9/27/2019,Closed,9/30/2019,10/10/2019,9/30/2019,10/10/2019,,0.01,,,
Denholtz Properties,Tenured,Deerfield Corporate Park,Deerfield Beach,FL,Office,Equity,Core Plus,15,1.9,11.1,Quarterly,5,,8,25000,67.6,Accredited Investors Only,No,No,10/10/2019,9/25/2019,Closed,,,,,,,,,
InSite Group,Tenured,Holiday Inn & Suites Across from Universal Orlando,Orlando,FL,Hospitality,Equity,Value Add,18.5,2.1,13.9,Quarterly,5,,,25000,63.1,Accredited Investors Only,No,No,10/4/2019,9/23/2019,Closed,,,,,,,,,
Emerald Equity Group,Seasoned,The Crest at Princeton Meadows,Plainsboro,NJ,Multifamily,Equity,Core Plus,16,2.3,12.7,Quarterly,7,1/15/2020,8,25000,77.1,Accredited Investors Only,No,No,9/19/2019,9/16/2019,Closed,,,,,,,,,
PRP,Tenured,Nobu Restaurant DC,Washington,DC,Retail,Equity,Value Add,14.3,1.8,8.8,Quarterly,5,12/31/2019,8,25000,55.9,Accredited Investors Only,No,No,9/20/2019,9/6/2019,Closed,,,,,,,,,
Rhodium Capital Advisors,Seasoned,The Willows Apartments,Kileen,TX,Multifamily,Equity,Value Add,18,1.8,15.4,Quarterly,5,,8,40000,50,Accredited Investors Only,No,No,9/6/2019,9/5/2019,Closed,9/30/2019,10/10/2019,9/30/2019,10/10/2019,,0.01,,,
Driftwood,Tenured,Ft. Lauderdale Opportunity Zone Hotel,Fort Lauderdale,FL,Hospitality,Equity,Development,12.7,2.5,8.4,Quarterly,10,,,50000,51.89,Accredited Investors Only,No,Yes,10/31/2019,10/29/2019,Funding,,,,,,,,,
Phoenix Development,Seasoned,226 W. Jackson: Dual Branded Hilton Canopy and Garden Inn,Chicago,IL,Hospitality,Equity,Opportunistic,24.1,4.2,11.9,Quarterly,7,4/30/2023,10,25000,75.6,Accredited Investors Only,No,No,9/19/2019,9/5/2019,Closed,,,,,,,,,
Presidio Companies,Tenured,Home2 Suites,West Sacramento,CA,Hospitality,Equity,Development,18.6,3.5,22.3,Quarterly,10,,10,50000,80,Accredited Investors Only,No,Yes,9/18/2019,8/27/2019,Closed,,,,,,,,,
Guefen Development,Tenured,Haven at Denton,Denton,TX,Multifamily,Equity,Opportunistic,20.6,1.8,4.8,Quarterly,3,,8,25000,65.2,Accredited Investors Only,No,No,8/28/2019,8/27/2019,Closed,,,,,,,,,
Cooper Street Capital,Emerging,Cascade Apartments,Austin,TX,Multifamily,Equity,Value Add,19.5,1.7,8.7,Quarterly,3,3/31/2020,10,25000,76.6,Accredited Investors Only,No,No,9/10/2019,8/21/2019,Closed,,,,,,,,,
Redwood Capital Group,Tenured,Briarbrook Village,Wheaton,IL,Multifamily,Equity,Value Add,15,2.1,8.1,Quarterly,7,,8,25000,63.6,Accredited Investors Only,No,No,8/23/2019,8/21/2019,Closed,9/30/2019,10/16/2019,9/30/2019,10/16/2019,,0.01,,,
RAD Urban,Seasoned,Garden Village,Berkeley,CA,Multifamily,Equity,Core Plus,14.64,2.7,7,Quarterly,8,,,25000,74.8,Accredited Investors Only,No,No,9/5/2019,8/19/2019,Closed,,,,,,,,,
Unison Realty Partners,Seasoned,Chatham Crossing,Chapel Hill,NC,Retail,Equity,Core Plus,14.3,1.8,9.9,Quarterly,5,,8,25000,67.6,Accredited Investors Only,No,No,8/22/2019,8/19/2019,Closed,,,,,,,,,
Feldman Equities,Tenured,Castille at Carillon,Tampa Bay,FL,Office,Equity,Core Plus,14.3,1.8,9.1,Quarterly,5,,9,25000,72,Accredited Investors Only,No,No,9/5/2019,8/19/2019,Closed,9/30/2019,10/10/2019,9/30/2019,10/10/2019,,0.01,,,
Hunt Properties Inc,Tenured,Windmill Ranch,Odessa,TX,Multifamily,Equity,Development,22.4,1.8,7.1,Quarterly,3,,8,25000,70,Accredited Investors Only,No,No,8/28/2019,8/16/2019,Closed,,,,,,,,,
Stonemark Housing Partners,Seasoned,Villas at Riverside,Austell,GA,Multifamily,Equity,Value Add,19,2,6.5,Quarterly,4,8/15/2019,8,50000,70,Accredited Investors Only,No,No,8/13/2019,8/9/2019,Closed,,,,,,,,,
Stanton Road Capital,Seasoned,TriCentre Office,Orange County,CA,Office,Equity,Value Add,15.6,1.8,6.9,Quarterly,4,,8,25000,70,Accredited Investors Only,No,No,7/31/2019,8/9/2019,Closed,,,,,,,,,
Parkway Acquisitions,Enterprise,100 Edgewood,Atlanta,GA,Office,Equity,Opportunistic,15,2.8,21.4,Quarterly,10,7/31/2023,9,25000,64.7,Accredited Investors Only,No,Yes,8/28/2019,8/8/2019,Closed,,,,,,,,,
Suncroft,Seasoned,Staybridge Suites Myrtle Beach,Myrtle Beach,SC,Hospitality,Equity,Core Plus,15.2,1.9,10,Quarterly,5,,10,25000,38.03,Accredited Investors Only,No,No,8/5/2019,8/5/2019,Closed,,,,,,,,,
The 601W Companies,Enterprise,Abbey Woods,Danbury,CT,Multifamily,Equity,Value Add,18.4,2.2,7,Quarterly,5,,7,25000,72.2,Accredited Investors Only,No,No,8/9/2019,7/31/2019,Closed,8/17/2019,8/22/2019,10/17/2019,10/16/2019,,0.01,,,
ArroyoBel Asset Advisors,Emerging,Baseline Professional Medical Center,Gilbert,AZ,Medical Office,Equity,Value Add,16.3,1.9,8.9,Quarterly,5,10/20/2019,8,25000,66,Accredited Investors Only,No,No,7/31/2019,7/29/2019,Closed,,,,,,,,,
RREAF,Tenured,Paces at the Estates,Opelika,AL,Multifamily,Equity,Value Add,19.3,2.2,9.6,Quarterly,5,,8,50000,72.1,Accredited Investors Only,No,No,7/26/2019,7/23/2019,Closed,,,,,,,,,
Cardinal Capital Management,Seasoned,Middleton Market Apartments,Middleton,WI,Mixed Use,Equity,Opportunistic,23.4,4,9,Quarterly,7,,8,25000,75,Accredited Investors Only,No,No,7/29/2019,7/18/2019,Closed,,,,,,,,,
Guefen Development,Tenured,Haven at the Gulch,Nashville,TN,Multifamily,Equity,Development,22.7,1.8,1,Quarterly,3,8/2/2019,8,25000,76.1,Accredited Investors Only,No,No,8/2/2019,7/17/2019,Closed,,,,,,,,,
Cross Properties,Tenured,1530 Chestnut  (Preferred Equity),Philadelphia,PA,Multifamily,Preferred Equity,Value Add,13.6,2.2,7.5,Quarterly,7,,8,25000,70.2,Accredited Investors Only,No,No,7/8/2019,7/3/2019,Closed,,,,,,,,,
AWH Partners,Seasoned,DoubleTree Albuquerque Hotel,Albuquerque,NM,Hospitality,Equity,Value Add,16.4,2.6,13.9,Quarterly,8,4/30/2020,10,25000,64.7,Accredited Investors Only,No,No,7/30/2019,7/2/2019,Closed,,,,,,,,,
Hempel Companies,Tenured,One Corporate Center II,Edina,MN,Office,Equity,Value Add,20.1,1.96,12.1,Quarterly,4,,10,25000,74.6,Accredited Investors Only,No,No,7/29/2019,7/1/2019,Closed,,,,,,,,,
Block Funds,Tenured,Barrington Park Townhomes,Lenexa,KS,Multifamily,Equity,Value Add,16,2.4,9.43,Monthly,7,,,25000,66.4,Accredited Investors Only,No,No,7/3/2019,7/1/2019,Closed,8/10/2019,8/10/2019,9/10/2019,9/10/2019,,0.01,,,
CrowdStreet Investments,Blended,CrowdStreet Blended Portfolio - Spring 2019,Multiple Cities,U.S.,Multi-Use,Equity Fund,Value Add,18,2.5,6,Quarterly,8,,8,25000,63,Accredited Investors Only,No,No,7/3/2019,6/28/2019,Closed,,,,,,,,,
McFarlin Group,Seasoned,The Heritage at Twin Creeks,Allen,TX,Senior Housing,Equity,Value Add,23.9,2.2,11.3,Quarterly,4,,12,25000,71.8,Accredited Investors Only,No,No,7/29/2019,6/18/2019,Closed,,,,,,,,,
Griffith Properties,Tenured,Ballardvale Office Park,Wilmington,MA,Office,Equity,Value Add,18.1,2.1,11.4,Quarterly,5,10/31/2020,8,25000,60,Accredited Investors Only,No,No,6/19/2019,6/15/2019,Closed,,,,,,,,,
Terrapin Investments,Seasoned,Hampton Inn Denver Airport,Denver,CO,Hospitality,Equity,Value Add,16.1,1.9,13.3,Quarterly,3,,9,25000,63.3,Accredited Investors Only,No,No,7/1/2019,6/11/2019,Closed,,,,,,,,,
Griffin Partners,Tenured,Union Woods,Salt Lake City,UT,Office,Equity,Core Plus,14.7,1.88,7.7,Quarterly,5,,,25000,58,Accredited Investors Only,No,No,6/21/2019,6/10/2019,Closed,6/30/2019,8/5/2019,8/30/2019,9/27/2019,,0.03,,,
Driftwood,Tenured,Marriott Mission Valley,San Diego,CA,Hospitality,Equity,Core Plus,16.1,2,8.5,Quarterly,5,,10,50000,63.3,Accredited Investors Only,No,No,8/8/2019,6/6/2019,Closed,,,,,,,,,
Pearlmark,Tenured,Pavilion Village,Charlotte,NC,Multifamily,Equity,Core Plus,13.2,1.8,6.4,Quarterly,5,,8,25000,63.4,Accredited Investors Only,No,No,6/10/2019,6/5/2019,Closed,9/30/2019,9/27/2019,9/30/2019,9/27/2019,,0.02,,,
Urban Investment Partners,Tenured,Walter Reed & Longfellow Apartments,Washington,DC,Multifamily,Equity,Value Add,15.2,2.3,10.4,Quarterly,7,12/31/2019,10,25000,67.1,Accredited Investors Only,No,No,6/3/2019,6/3/2019,Closed,,,,,,,,,
KM Realty Advisors LLC,Seasoned,"KM Realty Investment Trust, REIT",Multiple,TX,Multi-Use,REIT,Value Add,,,7,Quarterly,5,,7,25750,50,Accredited Investors Only,No,No,,,Funding,,,,,,,,,
Nitya Capital,Seasoned,Park Central Plaza One,Houston,TX,Office,Equity,Core Plus,17.4,2,11.1,Quarterly,5,,8,25000,70.7,Accredited Investors Only,No,No,5/31/2019,5/28/2019,Closed,9/30/2019,9/16/2019,9/30/2019,9/16/2019,,0.02,,,
Griffin Partners,Tenured,Charlotte Airport Three Portfolio,Charlotte,NC,Office,Equity,Value Add,20.6,1.9,7.2,Quarterly,4,,,25000,65.9,Accredited Investors Only,No,No,6/17/2019,5/28/2019,Closed,7/31/2019,8/30/2019,8/30/2019,9/27/2019,,0.01,,,
SSI,Tenured,The Johnston Building,Charlotte,NC,Office,Equity,Value Add,14.9,2,4.5,Quarterly,5,7/1/2021,9,25000,70,Accredited Investors Only,No,No,,5/23/2019,Closed,,,,,,,,,
10 Federal,Seasoned,10 Federal Self Storage 2,Multiple Locations,,Storage,Equity Fund,Value Add,16,1.6,11,Quarterly,7,10/31/2019,8,25000,65,Accredited Investors Only,No,No,,,Funding,,,,,,,,,
Provident Realty Advisors,Tenured,Plano Industrial Park,Plano,TX,Industrial,Equity,Development,19.4,1.7,7.54,Quarterly,3,,8,25000,67.7,Accredited Investors Only,No,No,6/1/2019,5/14/2019,Closed,,,,,,,,,
Turnstone Group,Seasoned,WoodSpring Suites Atlanta,Newnan,GA,Hospitality,Equity,Development,21.1,2.1,8.3,Quarterly,4,,10,25000,65,Accredited Investors Only,No,No,5/24/2019,5/7/2019,Closed,,,,,,,,,
Driftwood,Tenured,Crowne Plaza Space Coast,Melbourne,FL,Hospitality,Equity,Core Plus,14.5,1.8,9.1,,5,,10,50000,63.4,Accredited Investors Only,No,No,5/3/2019,5/1/2019,Closed,6/30/2019,8/1/2019,6/30/2019,8/1/2019,,0.01,,,
New Era Partners,Seasoned,New Era Medical Investment Fund II,Multiple Locations,U.S.,Medical Office,Preferred Equity,Value Add,19,2,10,Monthly,5,6/15/2020,8,25000,62.5,Accredited Investors Only,No,No,5/2/2019,4/30/2019,Closed,,,,,7/16/2019,,,,
Northshore Development,Emerging,Aqua Residences,Palm Bay,FL,Multifamily,Equity,Development,29.9,1.7,7.2,Monthly,2,12/1/2020,8,27500,73.9,Accredited Investors Only,No,No,5/8/2019,4/21/2019,Closed,,,,,3/15/2019,,,,
Rhodium Capital Advisors,Seasoned,Bridlewood Apartments,Conyers,GA,Multifamily,Equity,Value Add,19.9,1.8,17.1,Quarterly,5,,8,40000,60.8,Accredited Investors Only,No,No,5/28/2019,4/21/2019,Closed,6/30/2019,7/10/2019,9/30/2019,10/10/2019,,0.03,,,
RREAF,Tenured,Georgetown Village & Timberlane Apartments,Spartanburg,SC,Multifamily,Equity,Value Add,21.7,1.7,10.7,Quarterly,3,,8,35000,69.2,Accredited Investors Only,No,No,4/29/2019,4/19/2019,Closed,6/30/2019,8/9/2019,9/30/2019,9/30/2019,,0.01,,,
Premier Properties,Seasoned,Chalet Gardens Apartments,Pine Hill,NJ,Multifamily,Equity,Value Add,19.8,2.7,11.3,Quarterly,7,,8,25000,56.8,Accredited Investors Only,No,No,5/3/2019,4/15/2019,Closed,5/31/2019,6/25/2019,8/31/2019,9/25/2019,,0.01,,,
J. Jeffers & Co.,Emerging,"511 Partners, LLC AKA The Huron Building",Milwaukee,WI,Office,Equity,Development,22.2,1.8,2.9,Quarterly,3,,9,25000,79.1,Accredited Investors Only,No,No,4/26/2019,4/12/2019,Closed,,,,,,,,,
Block Funds,Tenured,The Royale at CityPlace,Overland Park,KS,Multifamily,Equity,Core Plus,10.9,2.4,8,Monthly,10,12/17/2018,,25000,57.7,Accredited Investors Only,No,No,5/17/2019,4/3/2019,Closed,11/10/2018,11/10/2018,9/12/2019,9/12/2019,9/24/2019,0.04,,,
CrowdStreet Investments,Blended,CrowdStreet Blended Portfolio - Winter 2019,Multiple Locations,U.S.,Multi-Use,Equity Fund,Value Add,18,2.5,6,Quarterly,8,,8,25000,63,Accredited Investors Only,No,No,4/16/2019,4/3/2019,Closed,,,,,,,,,
Northwest Sustainable Properties,Emerging,The Dean River Apartments,Portland,OR,Multifamily,Equity,Development,22.8,1.8,6.33,Quarterly,3,,8,25000,74.3,Accredited Investors Only,No,No,4/22/2019,3/31/2019,Closed,3/20/2019,3/20/2019,3/20/2019,3/20/2019,,0.01,,,
Rhodium Capital Advisors,Seasoned,Grand Pointe Apartments,Lafayette,LA,Multifamily,Equity,Value Add,16.8,1.8,10.8,Quarterly,5,3/31/2019,8,25000,62.2,Accredited Investors Only,No,No,3/31/2019,3/29/2019,Closed,3/31/2019,4/10/2019,9/30/2019,10/10/2019,,0.04,,,
RREAF,Tenured,Residence at Edinburg,Edinburg,TX,Multifamily,Equity,Core Plus,24,1.9,7.7,Semi Annually,3,7/15/2019,8,50000,77.2,Accredited Investors Only,No,No,3/27/2019,3/23/2019,Closed,6/27/2019,7/8/2019,6/30/2019,7/8/2019,,0.02,,,
Tesseract Capital Group,Emerging,Mariner's Cove,Stockton,CA,Multifamily,Equity,Value Add,19.4,2.4,13.3,Quarterly,7,,8,25000,80.2,Accredited Investors Only,No,No,3/28/2019,3/22/2019,Closed,,,,,,,,,
Northshore Development,Emerging,Mission Grove,Tallahassee,FL,Multifamily,Equity,Value Add,19.9,2.4,6.6,Quarterly,5,1/1/2021,10,25000,80,Accredited Investors Only,No,No,4/2/2019,3/21/2019,Closed,,,,,,,,,
Bristol Development,Tenured,Vista Brooklyn,Jacksonville,FL,Mixed Use,Equity,Development,20.3,1.7,6.36,,3,3/1/2022,9,25000,61.4,Accredited Investors Only,No,No,4/5/2019,3/13/2019,Closed,,,,,,,,,
Tapestry Senior Housing Management,Tenured,Tapestry Moon Senior Housing,Coraopolis,PA,Senior Housing,Equity,Value Add,28.8,3.5,10.3,Quarterly,6,,10,25000,73.57,Accredited Investors Only,No,No,3/31/2019,3/12/2019,Closed,8/23/2019,8/23/2019,8/23/2019,8/23/2019,,0.01,,,
Frontline Holdings,Emerging,Chateau on the River,Fort Worth,TX,Multifamily,Equity,Value Add,16.7,1.9,8.5,Quarterly,5,6/30/2019,7,25000,77.5,Accredited Investors Only,No,No,3/12/2019,3/12/2019,Closed,6/30/2019,7/26/2019,9/30/2019,10/23/2019,,0.02,,,
Feldman Equities,Tenured,Morgan Stanley Tower,St. Petersburg,FL,Office,Equity,Core Plus,17.7,2,7.5,Quarterly,5,7/3/2019,9,25000,63.6,Accredited Investors Only,No,No,4/1/2019,3/11/2019,Closed,3/31/2019,4/10/2019,9/30/2019,10/10/2019,,0.05,,,
Cooper Street Capital,Emerging,Mueller Rose Apartments,Austin,TX,Multifamily,Equity,Value Add,20.4,1.7,5.5,Quarterly,3,7/1/2019,10,25000,77.3,Accredited Investors Only,No,No,3/11/2019,3/8/2019,Closed,9/30/2019,10/25/2019,9/30/2019,10/25/2019,,0.03,,,
Shepherd Health,Emerging,Shepherd Living at Wildcat,Summerville,SC,Senior Housing,Equity,Opportunistic,25.5,2.4,14.5,Quarterly,4,11/16/2020,8,25000,73.5,Accredited Investors Only,No,No,3/12/2019,3/3/2019,Closed,,,,,,,,,
AWH Partners,Seasoned,AWH Boston Hotel Portfolio,Boston MSA,MA,Hospitality,Equity,Value Add,14.3,1.8,12.2,Quarterly,5,6/1/2019,7,25000,73.4,Accredited Investors Only,No,No,3/8/2019,2/24/2019,Closed,7/16/2019,7/16/2019,7/16/2019,7/16/2019,,0.02,,,
Driftwood,Tenured,Metro Atlanta Fairfield Inn & Suites Portfolio,Atlanta,GA,Hospitality,Equity,Core Plus,14.9,1.82,9.4,Quarterly,5,,10,50000,62.1,Accredited Investors Only,No,No,3/15/2019,2/23/2019,Closed,3/31/2019,5/1/2019,6/30/2019,8/1/2019,,0.07,,,
"SMARTCAP, Inc.",Seasoned,Opportunity Zone Industrial Park - 188th St.,Redmond,WA,Industrial,Equity,Development,12.8,3,6.6,Quarterly,10,1/31/2022,8,25000,63.4,Accredited Investors Only,No,Yes,3/7/2019,2/20/2019,Closed,,,,,3/16/2019,,,,
"The Buccini/Pollin Group, Inc.",Tenured,Hilton Baltimore BWI Airport,Baltimore,MD,Hospitality,Equity,Value Add,18.9,2.1,14.1,Quarterly,5,6/30/2019,8,40000,75.9,Accredited Investors Only,No,No,3/8/2019,2/19/2019,Closed,6/30/2019,7/29/2019,6/30/2019,7/29/2019,,0.03,,,
"Creative Realty Partners, Inc.",Seasoned,Heritage at Temple Terrace,Tampa Bay,FL,Multifamily,Equity,Value Add,25.9,1.6,11.7,Quarterly,2,,8,24000,77.31,Accredited Investors Only,No,No,3/8/2019,2/18/2019,Closed,3/31/2019,4/18/2019,5/31/2019,7/5/2019,,0.03,,,
Nova Asset Management,Tenured,The Franklin,Houston,TX,Multifamily,Equity,Value Add,18.8,2.2,8.9,Quarterly,5,4/30/2019,8,25000,78.4,Accredited Investors Only,No,No,2/22/2019,2/18/2019,Closed,6/30/2019,7/25/2019,6/30/2019,7/25/2019,,0.03,,,
"The Buccini/Pollin Group, Inc.",Tenured,Virgin Hotels Nashville,Nashville,TN,Hospitality,Equity,Development,26.3,2.4,12,Quarterly,4,3/31/2020,10,40000,44.5,Accredited Investors Only,No,No,1/26/2019,2/13/2019,Closed,,,,,,,,,
Citadel Real Estate Group,Emerging,Victorian Village Townhomes,St. Louis,MO,Multifamily,Equity,Value Add,19.7,2.1,8.4,Quarterly,5,7/15/2019,8,25000,61.8,Accredited Investors Only,No,No,2/15/2019,2/12/2019,Closed,6/30/2019,7/19/2019,6/30/2019,7/19/2019,,0.01,,,
"Investors Management Group, Inc.",Tenured,Canopy at Baybrook,Charlotte,NC,Multifamily,Equity,Value Add,14.6,2.3,7.1,Monthly,7,5/15/2019,,25000,57.8,Accredited Investors Only,Yes,No,2/15/2019,2/11/2019,Closed,5/31/2019,6/1/2019,9/30/2019,10/1/2019,,0.02,,,
"Creative Realty Partners, Inc.",Seasoned,Escondido Village,San Antonio,TX,Multifamily,Equity,Value Add,25.8,1.6,11.6,Monthly,2,4/15/2019,8,24600,74.5,Accredited Investors Only,No,No,3/7/2019,2/7/2019,Closed,3/31/2019,4/23/2019,5/31/2019,7/5/2019,,0.03,,,
Crystal Peaks Storage Group,Emerging,Federal Way Premiere Storage,Federal Way,WA,Storage,Equity,Development,21.8,2.6,23,Quarterly,7,6/1/2022,8,25000,74.5,Accredited Investors Only,No,No,2/7/2019,1/29/2019,Closed,,,,,,,,,
Rainier Companies,Tenured,Rainier Retail Portfolio III,Multiple Locations,U.S.,Retail,Equity Fund,Core Plus,15.5,1.85,10,Quarterly,4,1/15/2019,12,25000,65,Accredited Investors Only,No,No,2/1/2019,1/29/2019,Closed,12/31/2018,1/15/2019,6/30/2019,7/16/2019,9/16/2019,0.04,,,
CrowdStreet Investments,Blended,CrowdStreet Blended Portfolio - Inaugural,Multiple Locations,U.S.,Multi-Use,Equity Fund,Value Add,18,2.5,6,Quarterly,8,10/15/2019,8,25000,63,Accredited Investors Only,No,No,12/15/2018,1/15/2019,Closed,9/30/2019,10/4/2019,9/30/2019,10/4/2019,,,,,
Banyan Investment Group,Seasoned,Hilton Home2 Suites Pensacola - Gulf Breeze,Gulf Breeze,FL,Hospitality,Preferred Equity,Development,15,1.8,10,Quarterly,5,4/15/2019,10,25000,63,Accredited Investors Only,No,No,1/22/2019,1/2/2019,Closed,3/31/2019,4/16/2019,9/30/2019,10/15/2019,,0.08,,,
Griffin Partners,Tenured,The Zachry Building,San Antonio,TX,Office,Equity,Value Add,15.7,1.9,6.5,Monthly,5,1/25/2019,,25000,67.8,Accredited Investors Only,No,No,12/24/2018,12/17/2018,Closed,12/30/2018,1/31/2019,8/30/2019,9/27/2019,3/11/2019,0.06,,,
Bond Companies,Tenured,1363 Colton Apartments,Los Angeles,CA,Multifamily,Equity,Development,17.4,2.2,5.4,Quarterly,5,3/15/2021,8,25000,64.3,Accredited Investors Only,No,No,12/26/2018,12/13/2018,Closed,,,,,10/25/2019,,,,
GVA Management,Emerging,Villas del Encanto,San Antonio,TX,Multifamily,Equity,Value Add,22.3,1.8,8.1,Quarterly,3,4/15/2019,9,25000,77.9,Accredited Investors Only,No,No,12/17/2018,12/11/2018,Closed,,,,,,,,,
Denholtz Properties,Tenured,Red Bank Markel Office,Red Bank,NJ,Office,Equity,Core Plus,15.5,1.9,9.3,Quarterly,5,,8,25000,64.7,Accredited Investors Only,No,No,12/28/2018,12/10/2018,Closed,3/27/2019,3/27/2019,9/29/2019,9/30/2019,,0.06,,,
RREAF,Tenured,Southeast Multifamily Portfolio II,Southeast,USA,Multifamily,Equity,Value Add,28.4,2,8.8,Quarterly,3,1/20/2019,8,50000,70.5,Accredited Investors Only,No,No,12/19/2018,12/10/2018,Closed,3/31/2019,5/8/2019,6/30/2019,8/9/2019,7/8/2019,0.03,,,
Tricap Residential Group,Seasoned,Everett Hyde Park Apartments,Chicago,IL,Multifamily,Equity,Core Plus,15.2,1.5,7.7,Quarterly,3,3/31/2019,9,25000,69.2,Accredited Investors Only,No,No,12/12/2018,12/4/2018,Closed,12/31/2018,2/8/2019,9/30/2019,10/23/2019,4/8/2019,0.04,,,
RealSource,Tenured,Steepleway Downs Apartments,Houston,TX,Multifamily,Equity,Value Add,15.3,1.9,7,Monthly,5,1/31/2019,7,25000,54.1,Accredited Investors Only,No,No,12/11/2018,12/3/2018,Closed,,,,,9/19/2019,,,,
Condor Partners,Seasoned,The Boulevard,Richmond Heights,MO,Mixed Use,Equity,Opportunistic,19.2,1.7,9.7,Annually,3,3/15/2019,10,50000,75,Accredited Investors Only,No,No,1/5/2019,12/3/2018,Closed,,,,,3/15/2019,,,,
Performance Realty,Emerging,Performance Communities Fund,Multiple Locations,Multiple States,Multi-Use,Equity Fund,Value Add,14,2.5,8,Quarterly,10,7/20/2018,8,25000,70,Accredited Investors Only,No,No,12/18/2018,12/3/2018,Closed,3/31/2018,7/16/2018,9/30/2019,10/25/2019,3/20/2019,0.1,,,
AWH Partners,Seasoned,Topnotch Resort,Stowe,VT,Hospitality,Equity,Opportunistic,23.3,2.4,8.1,Quarterly,5,7/15/2021,10,25000,62.5,Accredited Investors Only,No,No,12/7/2018,11/30/2018,Closed,,,,,8/9/2019,,,,
Ilan Investments,Tenured,Dolce Living Apartments,Rosenberg,TX,Multifamily,Preferred Equity,Core Plus,15.9,3,17,Quarterly,12,3/31/2019,7.5,50000,73.2,Accredited Investors Only,No,No,11/28/2018,11/28/2018,Closed,2/28/2019,3/31/2019,5/31/2019,6/30/2019,3/25/2019,0.04,,,
Bedrock Group,Emerging,Bedrock MHC Fund II,Multiple Locations,U.S.,Multi-Use,Equity Fund,Value Add,16,2.8,9.9,Quarterly,7,1/1/2019,6,50000,,Accredited Investors Only,No,No,,11/28/2018,Closed,12/31/2018,1/15/2019,9/30/2019,10/15/2019,8/13/2019,0.07,,,
Nitya Capital,Seasoned,Bayou Park Apartments,Houston,TX,Multifamily,Equity,Value Add,17,2,6.5,Quarterly,5,4/15/2019,8,25000,76.6,Accredited Investors Only,No,No,12/4/2018,11/25/2018,Closed,12/31/2018,3/8/2019,3/31/2019,6/25/2019,4/10/2019,0.05,,,
RREAF,Tenured,The Trails at Hunter Pointe,Gallatin,TN,Multifamily,Equity,Value Add,26.8,2,4.6,,3,,8,50000,80,Accredited Investors Only,No,No,,11/14/2018,Closed,11/30/2018,12/14/2018,11/30/2018,12/14/2018,4/3/2019,0.01,,,
Wright Investments,Tenured,Marriott Residence Inn Downtown Memphis,Memphis,TN,Hospitality,Equity,Value Add,16.5,1.9,10.7,Quarterly,5,4/15/2019,12,25000,65,Accredited Investors Only,No,No,,11/12/2018,Closed,3/31/2019,4/26/2019,6/30/2019,7/26/2019,3/27/2019,0.04,,,
Ilan Investments,Tenured,Sandshell at Fossil Creek,Fort Worth,TX,Multifamily,Preferred Equity,Value Add,13.4,3.2,18.1,Quarterly,12,3/31/2019,7.5,50000,65.5,Accredited Investors Only,No,No,,11/11/2018,Closed,2/28/2019,3/31/2019,5/31/2019,6/30/2019,3/25/2019,0.04,,,
Carter,Tenured,Morehouse Student Housing,Atlanta,GA,Residential,Equity,Development,18.1,1.9,9.5,Monthly,4,1/7/2019,8,25000,66.6,Accredited Investors Only,No,No,,11/7/2018,Closed,12/31/2018,1/31/2019,8/31/2019,9/13/2019,3/28/2019,0.04,,,
Ridgeline,Emerging,Pearland Medical Office,Pearland,TX,Medical Office,Equity,Value Add,24,1.8,11,Quarterly,3,4/15/2019,10,25000,70.5,Accredited Investors Only,No,No,,10/31/2018,Closed,3/31/2019,4/26/2019,3/31/2019,4/26/2019,9/11/2019,0.01,,,
Tapestry Senior Housing Management,Tenured,Tapestry Wickliffe Senior Housing,Wickliffe,OH,Senior Housing,Equity,Value Add,28.6,3.6,9.4,Quarterly,5,10/1/2021,,25000,72,Accredited Investors Only,No,No,,10/31/2018,Closed,,,,,2/20/2019,,,,
Impact Housing,Tenured,Impact Housing REIT,Multiple Locations,,Multifamily,REIT,Value Add,7,,8.55,Quarterly,5,,7,1000,,Non-Accredited Eligible,No,No,,10/29/2018,Closed,,,,,,,,,
MG Capital,Tenured,MG Capital Fund IV,New York City,NY,Multi-Use,Equity,Core Plus,16,2.6,6,Annually,6,7/1/2019,8.5,50000,,Accredited Investors Only,No,No,,10/28/2018,Closed,,,,,10/8/2019,,,,
RRA Companies,Seasoned,Fairfield Inn & Suites Note Offering,PeachTree City,GA,Hospitality,Mezzanine Debt,Core Plus,10,1.22,10,Quarterly,2,4/15/2019,10,50000,69.6,Accredited Investors Only,No,No,,10/25/2018,Closed,2/12/2019,2/24/2019,8/13/2019,8/19/2019,,0.06,0.06,,
10 Federal,Seasoned,10 Federal Self Storage I,Multiple Locations,,Storage,Equity Fund,Value Add,15,1.75,11,Quarterly,4,,8,25000,73,Accredited Investors Only,No,No,,10/25/2018,Closed,9/30/2017,10/12/2017,6/30/2019,7/18/2019,3/11/2019,0.27,0.27,,
Momentum Development,Seasoned,Brighton Self-Storage,Brighton,CO,Storage,Equity,Development,19.9,2.4,6.8,Quarterly,5,1/15/2022,8,25000,75,Accredited Investors Only,No,No,10/12/2018,10/8/2018,Closed,,,,,2/18/2019,,,,
Trion Properties,Seasoned,Trion Multifamily Opportunity Fund II,Multiple Locations,U.S.,Multi-Use,Equity Fund,Value Add,15,2,9.5,Quarterly,7,10/15/2020,8,50000,,Accredited Investors Only,No,No,,12/2/2019,Funding,,,,,3/27/2019,,,,
Newstream Commercial Development,Emerging,Houston Red Lion Hotel,Houston,TX,Hospitality,Equity,Value Add,25.1,2.8,12,Quarterly,5,4/15/2019,8,25000,51.7,Accredited Investors Only,No,No,,10/5/2018,Closed,,,,,4/11/2019,,,,
RREAF,Tenured,South Carolina Multifamily Portfolio I,Multiple Locations,U.S.,Multifamily,Equity,Value Add,24.7,1.86,10.6,Quarterly,3,1/15/2019,8,50000,71.9,Accredited Investors Only,No,No,,9/30/2018,Closed,12/31/2018,2/7/2019,3/31/2019,5/14/2019,4/1/2019,0.04,0.04,,
Condor Partners,Seasoned,Mural Park,Chicago,IL,Mixed Use,Equity,Development,22.5,2.2,15.7,Annually,4,12/1/2019,10,50000,77,Accredited Investors Only,No,No,,9/30/2018,Closed,,,,,3/15/2019,,,,
Alpha Capital Partners,Seasoned,Alpha Residential Growth Fund IV,Multiple Locations,U.S.,Multifamily,Equity,Value Add,16,2,,Quarterly,5,10/31/2018,8,50000,69.66,Accredited Investors Only,No,No,,9/23/2018,Closed,9/30/2018,9/30/2018,6/30/2019,7/31/2019,4/2/2019,0.03,0.03,,
River Asset Management Company,Tenured,Greens at Hollymead Apartments,Charlottesville,VA,Multifamily,Equity,Core Plus,13.3,1.9,8.5,Quarterly,6,10/15/2018,8,25000,67.4,Accredited Investors Only,No,No,,9/6/2018,Closed,9/30/2018,10/15/2018,12/31/2018,1/15/2019,10/14/2019,0.03,0.03,,
Christina,Tenured,Christina 2 - Class B,"Beverly Hills, Santa Monica, Malibu",CA,Multi-Use,Equity Fund,Value Add,20.4,2.35,,,12,,,50000,,Accredited Investors Only,No,No,,9/1/2018,Closed,,,,,3/27/2019,,,,
Flywheel Capital Partners,Emerging,Interquest Campus,Colorado Springs,CO,Office,Equity,Value Add,20.5,2.4,10,Quarterly,5,1/15/2020,12,25000,67.4,Accredited Investors Only,No,No,,8/29/2018,Closed,10/31/2018,10/22/2018,10/31/2018,10/22/2018,9/6/2019,0.02,0.02,,
Montgomery Street Partners,Seasoned,Daymark Independent Living,Waxahachie,TX,Multifamily,Equity,Development,21.1,1.6,11,,4,5/1/2020,10,25000,48.9,Accredited Investors Only,No,No,,8/29/2018,Closed,,,,,3/20/2019,,,,
O'Donnell Group,Tenured,Stout Industrial,Indianapolis,IN,Industrial,Equity,Core Plus,16.2,2,8.2,Quarterly,7,1/15/2019,10,50000,63.3,Accredited Investors Only,No,No,,8/28/2018,Closed,3/31/2019,2/13/2019,9/30/2019,9/10/2019,3/21/2019,0.06,0.06,,
J. Jeffers & Co.,Emerging,"AVS Partners, LLC AKA Alta Vista Senior Living Portfolio",Milwaukee,WI,Senior Housing,Equity,Value Add,20.4,1.9,13.8,Quarterly,4,1/15/2019,8,25000,70.1,Accredited Investors Only,No,No,,8/21/2018,Closed,12/31/2018,1/31/2019,6/30/2019,7/31/2019,3/26/2019,0.08,0.08,,
RREAF,Tenured,Beachside Resort Cocoa Beach,Cocoa Beach,FL,Hospitality,Equity,Value Add,23.8,2.5,15.8,Quarterly,5,1/15/2019,8,50000,79.8,Accredited Investors Only,No,No,,8/16/2018,Closed,12/31/2018,12/31/2018,12/31/2019,8/23/2019,3/18/2019,0.08,0.08,,
Graham Development,Tenured,The Venue at Werner Park,Papillion,NE,Multifamily,Equity,Development,25.3,4.3,13,Semi Annually,7,12/31/2021,,50000,78.3,Accredited Investors Only,No,No,,8/15/2018,Closed,,,,,3/22/2019,,,,
North Park Ventures,Emerging,1106 Newport Apartments,Chicago,IL,Multifamily,Equity,Value Add,22.2,2.7,4.7,Quarterly,5,1/15/2021,10,25000,75,Accredited Investors Only,No,No,,8/8/2018,Closed,,,,,4/10/2019,,,,
Big V Acquisitions LLC,Seasoned,Belvedere Plaza,Anderson,SC,Retail,Equity,Value Add,16.3,1.9,11.8,Quarterly,5,11/15/2018,10,25000,63.8,Accredited Investors Only,No,No,,8/7/2018,Closed,9/30/2018,10/19/2018,9/30/2019,9/30/2019,3/8/2019,0.12,0.12,,
Tapestry Senior Housing Management,Tenured,Tapestry Walden Senior Housing,Tallahassee,FL,Senior Housing,Preferred Equity,Value Add,14.4,1.8,10,Monthly,5,9/7/2018,10,50000,84.5,Accredited Investors Only,No,No,,7/30/2018,Closed,3/31/2018,3/20/2018,10/31/2019,10/20/2019,2/5/2019,0.16,0.16,,
Big V Acquisitions LLC,Seasoned,Ridgecrest Plaza,Orange Park,FL,Retail,Equity,Value Add,17.8,1.9,12.7,Quarterly,5,1/15/2019,10,25000,69.2,Accredited Investors Only,No,No,,7/26/2018,Closed,9/30/2018,10/19/2018,9/30/2019,9/20/2019,3/8/2019,0.12,0.12,,
Driftwood,Tenured,Sheraton Detroit,Novi,MI,Hospitality,Equity,Value Add,14.7,1.8,10.7,Quarterly,5,1/15/2019,10,50000,58.9,Accredited Investors Only,No,No,,7/25/2018,Closed,9/30/2018,10/30/2018,12/31/2018,1/31/2019,4/2/2019,0.02,0.02,,
Vukota Capital Management,Seasoned,Rainbow Forest Apartment Homes,Decatur,GA,Multifamily,Equity,Value Add,12.2,2.6,8.9,Monthly,10,10/15/2018,8,25000,63.3,Accredited Investors Only,No,No,,7/24/2018,Closed,8/21/2018,8/21/2018,10/25/2019,10/25/2019,4/4/2019,0.08,0.08,,
Newstream Commercial Development,Emerging,Four Points Sheraton,Little Rock,AR,Hospitality,Equity,Opportunistic,35.7,4,19.5,Quarterly,5,1/15/2019,8,25000,67.9,Accredited Investors Only,No,No,,7/21/2018,Closed,,,,,9/13/2019,,,,
RREAF,Tenured,Delta Southlake by Marriott,Southlake,TX,Hospitality,Equity,Development,28.8,2.6,12.6,Quarterly,4,1/15/2021,15,75000,61.7,Accredited Investors Only,No,No,,7/17/2018,Closed,9/1/2018,9/1/2018,9/17/2018,9/17/2018,5/9/2019,,,,
Davenport Partners,Seasoned,800 South Barranca Office,Covina,CA,Office,Equity,Core Plus,15.1,2.45,7.85,Quarterly,5,9/1/2018,7,20000,66.2,Accredited Investors Only,No,No,,7/17/2018,Closed,8/18/2018,8/18/2018,6/30/2019,8/6/2019,4/4/2019,0.07,0.07,,
Ridgeline,Emerging,Allen Medical Office,Allen,TX,Medical Office,Equity,Core Plus,12.5,2,9.3,Quarterly,8,10/15/2018,8,25000,65.2,Accredited Investors Only,No,No,,7/10/2018,Closed,9/30/2018,10/26/2018,3/31/2019,4/22/2019,9/11/2019,0.03,0.03,,
AWH Partners,Seasoned,High Peaks Resort,Lake Placid,NY,Hospitality,Equity,Value Add,17.9,2.1,10.6,Quarterly,5,10/1/2018,8,25000,68.4,Accredited Investors Only,No,No,,6/26/2018,Closed,10/5/2018,10/5/2018,9/30/2019,10/28/2019,7/22/2019,0.08,0.08,,
Nitya Capital,Seasoned,Barcelona Apartment Homes,Houston,TX,Multifamily,Equity,Value Add,18.1,2.1,8.6,Quarterly,5,10/15/2018,8,25000,68,Accredited Investors Only,No,No,,6/25/2018,Closed,9/30/2018,10/26/2018,6/30/2019,8/19/2019,3/15/2019,0.09,0.09,,
Broad Reach Retail Partners,Seasoned,South Grove Retail,Knoxville,TN,Retail,Equity,Value Add,17.3,1.9,13.6,Quarterly,5,12/31/2018,8,25000,72.5,Accredited Investors Only,No,No,,6/21/2018,Closed,9/30/2018,10/16/2018,9/30/2019,10/17/2019,3/7/2019,0.39,0.39,,
Denholtz Properties,Tenured,University Corporate Center,Winter Park,FL,Industrial,Equity,Value Add,15.9,1.9,8,Monthly,5,8/15/2018,8,25000,73.2,Accredited Investors Only,No,No,,6/15/2018,Closed,8/31/2018,8/31/2018,9/29/2019,9/30/2019,7/19/2019,0.1,0.1,,
MEQUITY,Emerging,Tucker Self Storage (CubeSmart Managed),Atlanta Metro,GA,Storage,Equity,Development,19.2,2.4,6.8,Quarterly,5,10/1/2020,8,25000,65,Accredited Investors Only,No,No,,6/13/2018,Closed,,,,,9/9/2019,,,,
American Landmark,Tenured,Schaumburg Towers,Chicago,IL,Office,Equity,Value Add,26.6,2.5,6.2,Quarterly,3,4/1/2019,8,25000,77.8,Accredited Investors Only,No,No,,6/3/2018,Closed,,,,,8/16/2019,,,,
Henley USA,Tenured,Hayes Court,Queens,NY,Multifamily,Equity,Value Add,16.8,1.8,1.8,Quarterly,4,2/1/2019,8,25000,64.3,Accredited Investors Only,No,No,,6/3/2018,Closed,,,,,5/17/2019,,,,
Presario Ventures,Emerging,The Stanton,Lockhart,TX,Multifamily,Equity,Development,19.8,2.3,11.2,Annually,5,10/1/2019,8,25000,85.8,Accredited Investors Only,No,No,,5/31/2018,Closed,,,,,4/12/2019,,,,
Big V Acquisitions LLC,Seasoned,Lexington Towne Center,Lexington,SC,Retail,Equity,Value Add,17.6,2,11.2,Quarterly,5,7/1/2018,10,25000,71.1,Accredited Investors Only,No,No,,5/31/2018,Closed,6/30/2018,6/30/2018,9/30/2019,9/20/2019,3/12/2019,0.17,0.17,,
RREAF,Tenured,Mountainside Apartments,Birmingham,AL,Multifamily,Equity,Value Add,23.1,1.8,10.5,Quarterly,3,9/30/2018,10,35000,71.6,Accredited Investors Only,No,No,,5/30/2018,Closed,8/10/2018,8/10/2018,12/31/2018,2/11/2019,3/20/2019,0.04,0.04,,
Guerrilla Development,Emerging,Tree Farm,Portland,OR,Mixed Use,Equity,Opportunistic,18.4,3.8,7.9,Quarterly,10,6/1/2020,8,25000,65,Accredited Investors Only,No,No,,5/29/2018,Closed,,,,,,,,,
CALCAP Advisors,Tenured,CALCAP Income Fund I,Multiple Locations,Multiple States,Multi-Use,Debt Fund,Value Add,7,,7,Monthly,1,,7.5,25000,83.25,Accredited Investors Only,No,No,,5/23/2018,Closed,2/28/2018,3/22/2018,8/31/2019,9/16/2019,3/26/2019,0.11,0.11,,
Denholtz Properties,Tenured,Silver Star Portfolio,Orlando,FL,Industrial,Equity,Value Add,14.9,1.9,8,Quarterly,5,1/1/2018,8,25000,68.4,Accredited Investors Only,No,No,,5/21/2018,Closed,8/31/2017,8/31/2017,9/29/2019,9/30/2019,3/7/2019,0.15,0.15,,
ScanlanKemperBard,Tenured,1805 SE MLK,Portland,OR,Industrial,Equity,Value Add,20,1.6,4.5,Quarterly,2,10/1/2020,8,25000,65,Accredited Investors Only,No,No,,5/16/2018,Closed,,,,,3/14/2019,,,,
Green Light Development,Seasoned,KEX Social Hostel,Portland,OR,Hospitality,Equity,Opportunistic,20.1,2.9,25.3,Quarterly,10,4/1/2019,10,25000,37.9,Accredited Investors Only,No,No,,5/1/2018,Closed,,,,,3/1/2019,,,,
Henley USA,Tenured,Winsome West Multifamily,Las Vegas,NV,Multifamily,Equity,Value Add,16.4,2.1,7,Quarterly,5,1/1/2019,8,25000,74.5,Accredited Investors Only,No,No,,4/29/2018,Closed,,,,,4/12/2019,,,,
Accordia Realty Ventures,Seasoned,River Drive II,Elmwood Park,NJ,Office,Equity,Value Add,18.5,1.7,9,Quarterly,3,6/30/2018,10,25000,67.7,Accredited Investors Only,No,No,,4/27/2018,Closed,7/5/2018,7/5/2018,9/30/2019,10/7/2019,4/4/2019,0.15,0.15,,
Griffin Partners,Tenured,Union Plaza @ Federal Center Station,Denver,CO,Mixed Use,Equity,Core Plus,15.5,1.7,5.6,Quarterly,4,7/16/2018,,25000,64.9,Accredited Investors Only,No,No,,4/17/2018,Closed,4/30/2018,5/25/2018,8/30/2019,9/27/2019,4/4/2019,0.14,0.14,,
Fiola Communities,Emerging,Ferina 22,Norwalk,CA,Multifamily,Equity,Value Add,18.6,1.4,5.5,Quarterly,2,4/1/2018,8,30000,50.2,Accredited Investors Only,No,No,,4/12/2018,Closed,,,,,,,,,
Rainier Companies,Tenured,Stony Creek Marketplace,Noblesville,IN,Retail,Equity,Core Plus,14.2,1.9,11,Quarterly,6,7/15/2018,8,25000,62.2,Accredited Investors Only,No,No,,4/10/2018,Closed,7/13/2018,7/13/2018,6/30/2019,7/15/2019,3/18/2019,0.14,0.14,,
KBSDirect,Enterprise,KBS Growth & Income Real Estate Fund,Multiple Locations,U.S.,Multi-Use,Equity Fund,Core Plus,14,,6,Monthly,7,2/20/2018,6,25000,,Accredited Investors Only,No,No,,,Funding,11/30/2017,11/1/2017,10/1/2019,10/1/2019,2/5/2019,0.05,,,
Dominion Diversified Real Estate Group,Seasoned,Holiday Inn Express Gastonia,Gastonia,NC,Hospitality,Equity,Value Add,20.2,2.2,14.8,Monthly,5,7/25/2018,9,25000,75,Accredited Investors Only,No,No,,4/2/2018,Closed,6/30/2018,6/30/2018,2/28/2019,2/28/2019,4/8/2019,0.06,0.06,,
Bridgeton Holdings,Seasoned,Cloverleaf Suites Overland Park,Overland Park,KS,Hospitality,Equity,Value Add,17,2,12,Quarterly,5,10/1/2018,8,25000,68,Accredited Investors Only,No,No,,3/12/2018,Closed,,,,,3/28/2019,,,,
Medalist Properties,Emerging,Medalist Diversified REIT,Multiple Locations,,Multi-Use,REIT,Value Add,14,,7,Quarterly,7,10/29/2017,8,5000,,Non-Accredited Eligible,No,No,,3/1/2018,Closed,7/13/2018,7/13/2018,9/30/2018,12/14/2018,,0.03,0.03,,
McKinney Capital,Tenured,Lesser Industrial Cannabis,Oakland,CA,Industrial,Equity,Opportunistic,27.3,1.62,14,Quarterly,2,12/31/2018,9,25000,40.5,Accredited Investors Only,No,No,,2/28/2018,Closed,8/1/2019,8/1/2019,10/25/2019,10/25/2019,4/2/2019,0.06,0.06,,
"SMARTCAP, Inc.",Seasoned,SMARTCAP CRE Value Fund,Multiple Locations,,Multi-Use,Equity Fund,Value Add,17.5,3,8,Quarterly,6,,8,50000,,Accredited Investors Only,No,No,,2/15/2018,Closed,4/30/2018,3/30/2018,9/30/2019,10/25/2019,3/22/2019,0.05,0.05,,
Rainier Companies,Tenured,Moore Plaza,Corpus Christi,TX,Retail,Equity,Value Add,15.6,1.8,11.3,Quarterly,5,4/23/2018,8,20000,64,Accredited Investors Only,No,No,,2/8/2018,Closed,4/30/2018,4/13/2018,6/30/2019,7/15/2019,3/18/2019,0.13,0.13,,
Vertical Ventures,Seasoned,The Pointe at Redwood Shores,Redwood City,CA,Office,Equity,Value Add,31.7,1.7,9.2,Quarterly,2,7/1/2018,10,50000,72,Accredited Investors Only,No,No,,1/29/2018,Closed,7/23/2018,7/23/2018,12/31/2018,1/18/2019,3/25/2019,0.07,0.07,,
Citadel Real Estate Group,Emerging,Wynthrope Forest Apartments,Riverdale,GA,Multifamily,Equity,Value Add,18.4,2.2,8.2,Quarterly,5,4/15/2018,8,25000,68,Accredited Investors Only,No,No,,1/29/2018,Closed,6/30/2018,6/30/2018,6/30/2019,7/30/2019,3/22/2019,0.1,0.1,,
Juniper,Tenured,Drexel Flats,Oklahoma City,OK,Multifamily,Equity,Value Add,14.1,2.3,13.2,Quarterly,10,4/30/2018,8,25000,69.4,Accredited Investors Only,No,No,,1/28/2018,Closed,3/31/2018,4/30/2018,6/30/2019,7/31/2019,7/18/2019,0.11,0.11,,
Bridgeton Holdings,Seasoned,Chase Suites Lincoln,Lincoln,NE,Hospitality,Equity,Value Add,20.2,3.8,19.4,Quarterly,10,10/1/2018,8,25000,68.2,Accredited Investors Only,No,No,,1/28/2018,Realized,4/22/2019,5/8/2019,4/22/2019,5/8/2019,3/28/2019,0.27,0.27,,-62.64
Trion Properties,Seasoned,Multifamily Opportunity Fund I,Multiple Locations,,Multifamily,Equity Fund,Value Add,18,1,8,Quarterly,5,12/26/2017,9,50000,74,Accredited Investors Only,No,No,,1/24/2018,Closed,4/10/2018,4/10/2018,10/23/2019,10/23/2019,4/2/2019,0.24,0.24,,
Alpha Capital Partners,Seasoned,266 Lofts,Memphis,TN,Multifamily,Equity,Core Plus,16.1,1.9,10.6,Monthly,5,3/30/2018,8,20000,72.1,Accredited Investors Only,No,No,,1/23/2018,Closed,4/30/2018,5/30/2018,7/31/2019,9/6/2019,3/28/2019,0.08,0.08,,
Odyssey Urban Asset,Emerging,Alvarado,Los Angeles,CA,Multifamily,Equity,Development,34.2,2.4,4.6,Quarterly,3,1/5/2021,8,25000,73.9,Accredited Investors Only,No,No,,1/21/2018,Closed,,,,,9/24/2019,,,,
Golden Pacific Capital,Emerging,Kansas City Residential Fund,Kansas City,MO,Multi-Use,Equity Fund,Value Add,20,2.4,8,Quarterly,5,,8,25000,75,Accredited Investors Only,No,No,,1/15/2018,Closed,12/31/2016,1/5/2017,12/31/2018,1/3/2019,9/4/2019,0.1,0.1,,
Westmount Realty Equities,Tenured,Westmount At Copper Mill,Houston,TX,Multifamily,Equity,Value Add,18.8,2.2,7.7,Quarterly,5,,9,25000,65.29,Accredited Investors Only,No,No,,1/12/2018,Closed,4/30/2018,4/27/2018,6/30/2019,7/25/2019,10/14/2019,0.15,0.15,,
Broad Reach Retail Partners,Seasoned,Broad Reach Grocery Anchored Portfolio,Multiple Locations,,Retail,Portfolio,Value Add,18.3,2.1,11.5,Quarterly,5,3/31/2018,8,25000,70,Accredited Investors Only,No,No,,1/11/2018,Closed,4/30/2018,4/19/2018,9/30/2019,10/17/2019,3/7/2019,0.13,0.13,,
Avesta Holdings,Tenured,Avesta Multifamily Partners Fund III,Multiple Locations,TX,Multi-Use,Equity Fund,Core Plus,17,1.9,9,Quarterly,5,11/27/2018,8,50000,63,Accredited Investors Only,No,No,,1/11/2018,Closed,,,,,4/22/2019,,,,
Cypressbrook,Tenured,Presidio Apartments,Bryan,TX,Multifamily,Equity,Value Add,17.5,2,9.6,Quarterly,5,7/13/2020,8,25000,73.47,Accredited Investors Only,No,No,,1/8/2018,Closed,,,,,9/3/2019,,,,
Alpha Wave Investors,Emerging,Ecotel Colorado Springs,Colorado Springs,CO,Hospitality,Equity,Value Add,23.1,1.8,9.6,Quarterly,3,10/30/2020,10,25000,48.2,Accredited Investors Only,No,No,,1/8/2018,Closed,,,,,5/18/2019,,,,
Denholtz Properties,Tenured,Horizon Center Portfolio,Hamilton,NJ,Office,Portfolio,Value Add,17.4,2.1,8,Monthly,5,2/1/2018,8,25000,,Accredited Investors Only,No,No,,1/3/2018,Closed,11/30/2017,11/30/2017,9/29/2019,9/30/2019,3/8/2019,0.14,0.14,,
Priam Capital,Seasoned,Priam Capital REIT,Multiple Locations,,Multi-Use,REIT,Core Plus,17,3,11,Quarterly,9,12/1/2017,8,10000,,Accredited Investors Only,No,No,,1/2/2018,Closed,12/31/2017,12/31/2017,6/30/2019,7/25/2019,9/6/2019,0.08,0.08,,
RREAF,Tenured,RREAF Multifamily Fund I QP,South and Southeast,TX,Multi-Use,Equity Fund,Opportunistic,28.1,2,13.9,Quarterly,3,12/30/2017,9,100000,75,Accredited Investors Only,No,No,,1/1/2018,Closed,9/30/2017,9/1/2017,6/30/2019,8/7/2019,5/28/2019,0.14,0.14,,
Broad Reach Retail Partners,Seasoned,Broad Reach Retail Fund II,Multiple Locations,Multiple States,Retail,Equity Fund,Value Add,17,2.2,10.5,Quarterly,10,,8,25000,75,Accredited Investors Only,No,No,,12/25/2017,Closed,3/31/2018,4/19/2018,9/30/2019,10/17/2019,3/11/2019,0.21,0.21,,
RREAF,Tenured,RREAF Gulf Coast Portfolio II,Multiple Locations,MS & AL,Multifamily,Equity,Opportunistic,34.6,3.7,15.1,Quarterly,5,4/1/2018,10,35000,93,Accredited Investors Only,No,No,,12/16/2017,Closed,1/31/2018,1/31/2018,9/30/2019,10/25/2019,3/12/2019,0.15,0.15,,
Henley USA,Tenured,Yorkville Manhattan Multifamily,New York,NY,Multifamily,Equity,Value Add,17,1.9,2.1,Quarterly,4,1/31/2018,,25000,63.2,Accredited Investors Only,No,No,,12/14/2017,Closed,6/30/2018,6/13/2018,9/30/2018,11/6/2018,6/28/2019,0.01,0.01,,
Mayfield Companies,Tenured,Capitol Hill Park/New Carroll,Seattle,WA,Multifamily,Equity,Value Add,22.2,1.82,3.7,Quarterly,3,1/31/2019,,50000,70,Accredited Investors Only,No,No,,12/13/2017,Closed,,,,,3/15/2019,,,,
Virtua Partners,Emerging,"Virtua Income Fund, NA",Multiple Locations,,Multi-Use,Debt Fund,Core Plus,13.5,1.4,12,Monthly,4,,10,50000,65,Accredited Investors Only,No,No,,12/6/2017,Closed,8/31/2017,8/15/2017,8/15/2019,9/13/2019,9/11/2019,0.22,0.22,,
"Investors Management Group, Inc.",Tenured,Sommerset Place,Raleigh,NC,Multifamily,Equity,Value Add,15.9,2,8.2,Monthly,5,4/1/2018,,25000,63.1,Accredited Investors Only,No,No,,12/5/2017,Closed,3/31/2018,4/1/2018,9/30/2019,10/1/2019,3/7/2019,0.09,0.09,,
Fiola Communities,Emerging,Elm 38,Los Angeles,CA,Multifamily,Equity,Value Add,19.7,1.4,5.7,Quarterly,2,11/9/2018,8,30000,65.3,Accredited Investors Only,No,No,,12/3/2017,Closed,,,,,3/16/2018,,,,
O'Donnell Group,Tenured,E-Commerce Industrial Baltimore,Halethorpe,MD,Industrial,Equity,Value Add,20.1,1.7,,,3,,10,25000,69.2,Accredited Investors Only,No,No,,11/28/2017,Closed,,,,,3/25/2019,,,,
Pisula Development Company,Seasoned,Spring Medical Plaza,Spring,TX,Medical Office,Equity,Development,20.5,1.7,4.2,,3,1/15/2019,8,25000,68.5,Accredited Investors Only,No,No,,11/18/2017,Closed,,,,,5/28/2019,,,,
Avistone,Emerging,Northwoods Business Center,Peachtree Centers,GA,Flex R&D,Equity,Value Add,20.57,3,8,,3,,,25000,75,Accredited Investors Only,No,No,,11/17/2017,Closed,11/30/2017,12/15/2017,8/31/2019,9/15/2019,9/24/2019,0.09,0.09,,
Nicholas Residential,Emerging,The Corners Apartment Homes (DBA Bellevue Terrace),Dallas,TX,Multifamily,Equity,Value Add,18,2.1,9.8,Monthly,5,2/1/2018,10,25000,65.5,Accredited Investors Only,No,No,,11/13/2017,Closed,4/9/2018,4/9/2018,9/30/2018,11/26/2018,10/15/2019,0.06,0.06,,
Vertical Ventures,Seasoned,Lathrop Industrial,Lathrop,CA,Industrial,Equity,Opportunistic,34.9,1.5,9.7,,2,11/9/2019,10,50000,71.44,Accredited Investors Only,No,No,,11/10/2017,Closed,,,,,3/15/2019,,,,
Alpha Capital Partners,Seasoned,Falcon Point,College Station,TX,Multifamily,Equity,Value Add,18.2,2.1,11.1,Monthly,5,,8,20000,69.8,Accredited Investors Only,No,No,,11/9/2017,Closed,1/31/2018,2/26/2018,7/30/2018,9/12/2018,3/28/2019,0.05,0.05,,
Avistone,Emerging,Bay Tec & Airport Corporate Center,Tampa-St. Petersburg,FL,Industrial,Equity,Core Plus,13.5,1.75,7,Monthly,4,10/15/2017,8,25000,57.3,Accredited Investors Only,No,No,,11/8/2017,Closed,9/30/2017,10/15/2017,8/31/2019,9/15/2019,9/24/2019,0.14,0.14,,
Rhodium Capital Advisors,Seasoned,100 Franklin Square Drive,Somerset,NJ,Office,Equity,Value Add,25.4,1.83,4,Quarterly,5,1/31/2018,,25000,65.3,Accredited Investors Only,No,No,,11/7/2017,Closed,12/31/2017,1/10/2018,9/30/2019,10/10/2019,3/25/2019,1.11,1.11,,
Henley USA,Tenured,Modern on the Rail,Phoenix,AZ,Multifamily,Equity,Value Add,19.3,2.26,8.1,Quarterly,5,1/30/2018,8,25000,74.12,Accredited Investors Only,No,No,,11/6/2017,Closed,12/31/2017,2/7/2018,5/17/2019,5/17/2019,5/3/2019,1.65,1.65,,
Terrapin Investments,Seasoned,Glenwood Springs Hotel Portfolio,Glenwood Springs,CO,Hospitality,Equity,Value Add,18,2,12.1,Quarterly,5,4/1/2018,9,25000,62.85,Accredited Investors Only,No,No,,11/2/2017,Closed,3/31/2018,4/24/2018,3/31/2019,4/26/2019,3/25/2019,0.12,0.12,,
Griffin Partners,Tenured,Griffin Partners Office Fund III,Multiple Locations,,Multi-Use,Equity Fund,Value Add,15.6,2,7,Quarterly,7,11/15/2017,9,50000,65,Accredited Investors Only,No,No,,11/1/2017,Closed,9/30/2016,11/29/2016,12/31/2018,2/21/2019,3/28/2019,0.04,0.04,,
Vukota Capital Management,Seasoned,Fireside Village Apartments,Ralston,NE,Multifamily,Equity,Value Add,12.5,2.5,9.6,Monthly,10,1/1/2018,8,25000,60.2,Accredited Investors Only,No,No,,10/31/2017,Closed,11/30/2017,12/21/2017,10/25/2019,10/25/2019,5/24/2019,0.15,0.15,,
Ilan Investments,Tenured,Parkside Place,Spring,TX,Multifamily,Preferred Equity,Core Plus,15.8,4.1,12,Quarterly,12,2/28/2017,7,50000,73.86,Accredited Investors Only,No,No,,10/30/2017,Closed,2/28/2018,2/28/2018,7/31/2019,8/31/2019,2/13/2019,0.12,0.12,,
Dominion Diversified Real Estate Group,Seasoned,Comfort Suites - Savannah North,Port Wentworth,GA,Hospitality,Equity,Core Plus,18.9,2.1,14.5,Monthly,5,1/1/2018,9,25000,71.7,Accredited Investors Only,No,No,,10/25/2017,Closed,,,,,3/20/2019,,,,
RREAF,Tenured,RREAF Multifamily Fund I,South and Southeast United States,,Multi-Use,Equity Fund,Opportunistic,28.4,2,14.1,Quarterly,3,12/30/2017,9,25000,75,Accredited Investors Only,No,No,,10/24/2017,Closed,1/31/2018,1/11/2018,6/30/2019,8/7/2019,5/23/2019,0.16,0.32,,
Toro Real Estate Partners,Emerging,Main 608,Clarksville,TN,Multifamily,Equity,Development,27.6,1.6,17.9,,2,,8,25000,75,Accredited Investors Only,No,No,,10/23/2017,Closed,,,,,,,,,
Alpha Capital Partners,Seasoned,Old Taylor Road Cottages,Oxford,MS,Multifamily,Equity,Value Add,20.8,2.31,10,Quarterly,5,12/31/2017,8,20000,72,Accredited Investors Only,No,No,,10/16/2017,Realized,12/31/2017,1/26/2018,3/31/2019,5/23/2019,3/29/2019,0.79,1.57,,-14.55
Legacy Group Capital,Tenured,Legacy Opportunity Fund,Greater Seattle Area,WA,Multi-Use,Debt Fund,Value Add,12,,8,Monthly,2,,8,50000,,Accredited Investors Only,No,No,,12/1/2019,Funding,7/31/2015,8/1/2015,10/9/2019,10/9/2019,3/25/2019,0.11,,,
Hempel Companies,Tenured,Quadrant Office Building,Brooklyn Park,MN,Office,Equity,Value Add,27.1,2,13.7,Quarterly,3,2/28/2018,,25000,73.1,Accredited Investors Only,No,No,,10/11/2017,Closed,12/31/2017,12/21/2017,9/30/2019,9/27/2019,4/21/2019,1.59,3.19,,
"Investors Management Group, Inc.",Tenured,Caldera (Lawnfield Gardens),Portland,OR,Multifamily,Equity,Value Add,15.9,1.96,8,Monthly,5,1/31/2018,,25000,61.6,Accredited Investors Only,No,No,,10/10/2017,Closed,3/31/2018,4/1/2018,9/30/2019,10/1/2019,3/7/2019,0.09,0.17,,
Atlas,Tenured,Brookview Village,Chicago,IL,Multifamily,Equity,Value Add,25,3,6.5,Quarterly,5,5/31/2018,,25000,72.5,Accredited Investors Only,No,No,,10/9/2017,Closed,,,,,10/23/2019,,,,
Vertical Ventures,Seasoned,Oakland Airport Plaza,Oakland,CA,Office,Equity,Value Add,29.6,1.66,7.9,Quarterly,2,12/30/2017,10,100000,64.5,Accredited Investors Only,No,No,,10/8/2017,Closed,3/31/2018,4/20/2018,6/30/2019,7/23/2019,3/25/2019,0.15,0.3,,
Mascia Development,Seasoned,Camelot Center,Spartanburg,SC,Retail,Equity,Value Add,14,2.91,9.3,Monthly,10,,10,10000,58.24,Accredited Investors Only,No,No,,10/3/2017,Closed,1/2/1900,1/2/1900,6/30/2018,6/15/2018,3/14/2018,0.09,0.17,,
Forge Land Company,Emerging,Turk & Leavenworth,San Francisco,CA,Multifamily,Equity,Development,19,4.3,8.6,Quarterly,10,6/30/2021,8,25000,72,Accredited Investors Only,No,No,,9/19/2017,Closed,,,,,3/11/2019,,,,
Willow Creek Partners,Emerging,WCP Raleigh Student Housing,Raleigh,NC,Multifamily,Equity,Value Add,16.7,2,10,Quarterly,5,1/31/2018,8,25000,66.6,Accredited Investors Only,No,No,,9/13/2017,Closed,12/31/2017,1/31/2018,6/30/2019,8/2/2019,3/13/2019,0.14,0.29,,
Alpha Capital Partners,Seasoned,Alpha GP Fund I - Phase II,Multiple Locations,,Multi-Use,Equity Fund,Value Add,27.5,3,11,Quarterly,4,,15,50000,71.4,Accredited Investors Only,No,No,,9/7/2017,Closed,3/31/2017,6/16/2017,7/3/2019,7/3/2019,4/1/2019,0.2,0.4,,
ArborCrowd,Tenured,Lago Paradiso,Miami,FL,Multifamily,Equity,Value Add,15.5,2.25,9.7,Quarterly,6,1/31/2018,8,25000,67.3,Accredited Investors Only,No,No,,9/5/2017,Closed,2/28/2018,2/27/2018,8/20/2019,8/20/2019,4/2/2019,0.48,0.96,,
WestPac,Tenured,Chandler Lofts,East Lansing,MI,Multifamily,Equity,Development,26.1,2,5,Quarterly,3,12/31/2018,8,25000,82.1,Accredited Investors Only,No,No,,8/23/2017,Closed,,,,,3/15/2019,,,,
"Capital Commercial Investments, Inc.",Tenured,CCI-Clear Lake IX,Houston,TX,Office,Equity,Opportunistic,24.6,1.9,14.8,,3,,8,25000,59.1,Accredited Investors Only,No,No,,8/18/2017,Closed,,,,,3/26/2019,,,,
Halpern Real Estate Ventures,Seasoned,Sheldrake Lofts,Mamaroneck,NY,Multifamily,Equity,Development,22,1.81,2.5,Quarterly,3,10/31/2019,8,50000,65.8,Accredited Investors Only,No,No,,8/16/2017,Closed,,,,,8/16/2019,,,,
Block Funds,Tenured,Papillon Parc (dba Waterchase Gardens),Fort Worth,TX,Multifamily,Equity,Value Add,15.6,3.31,9,Monthly,10,10/31/2017,8,37300,71,Accredited Investors Only,No,No,,8/14/2017,Closed,10/1/2017,10/1/2017,7/10/2019,7/10/2019,3/26/2019,0.12,0.24,,
Vukota Capital Management,Seasoned,Bridgeport Apartments,Irving,TX,Multifamily,Equity,Value Add,14.1,2.9,9.8,Monthly,10,9/22/2017,8,25000,63.4,Accredited Investors Only,No,No,,8/3/2017,Closed,8/31/2017,9/25/2017,10/25/2019,10/25/2019,3/7/2019,0.17,0.35,,
Henley USA,Tenured,Sonoma Villas and Pines,Phoenix,AZ,Multifamily,Equity,Value Add,22.7,2.1,10.5,Quarterly,4,2/1/2019,8,25000,82.3,Accredited Investors Only,No,No,,8/2/2017,Closed,9/30/2017,11/8/2017,5/10/2019,5/10/2019,5/3/2019,1.52,3.04,,
Alpha Capital Partners,Seasoned,Wolf Creek Student Condos,College Station,TX,Multifamily,Equity,Core Plus,18.6,2.1,11,Monthly,5,10/31/2017,8,20000,71.3,Accredited Investors Only,No,No,,7/28/2017,Closed,9/30/2017,10/25/2017,6/30/2019,7/31/2019,3/28/2019,0.09,0.18,,
Big V Acquisitions LLC,Seasoned,Crossroads South,Atlanta (Jonesboro),GA,Retail,Equity,Value Add,17.9,2.1,8.9,Quarterly,5,10/31/2017,8,25000,72.4,Accredited Investors Only,No,No,,7/21/2017,Closed,9/30/2017,10/31/2017,9/30/2019,10/10/2019,3/14/2019,0.14,0.28,,
"Windmill Investments, LLC",Seasoned,Diamond Loch Apartments,North Richland Hills,TX,Multifamily,Equity,Value Add,14,1.5,,Quarterly,4,,,25000,,Accredited Investors Only,No,No,,7/21/2017,Realized,,,,,,,,,
Willow Creek Partners,Emerging,Willow Creek GSO Portfolio,Greensboro,NC,Multifamily,Equity,Value Add,19.9,2.23,10,Quarterly,5,10/1/2017,8,25000,67,Accredited Investors Only,No,No,,7/19/2017,Closed,9/30/2017,10/31/2017,6/30/2019,8/2/2019,5/9/2019,0.14,0.27,,
Castle Lanterra Properties,Seasoned,Loftin Place,West Palm Beach,FL,Multifamily,Equity,Core Plus,11.7,2.3,8.9,Quarterly,10,10/31/2017,7,50000,65.1,Accredited Investors Only,No,No,,7/11/2017,Closed,9/30/2017,10/26/2017,6/30/2019,8/7/2019,8/23/2019,0.1,0.19,,
Terrapin Investments,Seasoned,Sheraton ABQ Airport Hotel,Albuquerque,NM,Hospitality,Equity,Value Add,24.4,1.83,15.9,Quarterly,3,10/31/2017,9,25000,73.9,Accredited Investors Only,No,No,,7/10/2017,Closed,6/30/2017,11/2/2017,3/31/2019,4/26/2019,3/28/2019,0.15,0.29,,
Nicholas Residential,Emerging,Valencia Apartments,Fort Worth,TX,Multifamily,Equity,Value Add,18,2.03,9.9,Monthly,4,10/31/2017,10,25000,70.8,Accredited Investors Only,No,No,,6/29/2017,Closed,10/31/2017,10/31/2017,9/30/2018,11/27/2018,10/16/2019,0.1,0.21,,
US Residential Fund,Seasoned,Patriot's Pointe,Hillsborough,NC,Multifamily,Equity,Core Plus,16.3,2,8.4,Annually,5,7/1/2017,8,20000,59,Accredited Investors Only,No,No,,6/29/2017,Realized,6/30/2017,6/30/2017,12/31/2018,12/31/2018,,1.29,2.58,,20.4
ScanlanKemperBard,Tenured,High Street,Phoenix,AZ,Mixed Use,Equity,Value Add,17.8,2.05,8.9,Quarterly,5,10/31/2017,12,50000,64,Accredited Investors Only,No,No,,6/19/2017,Closed,3/31/2018,4/30/2018,6/30/2019,7/31/2019,4/14/2019,0.19,0.38,,
"Margules Properties, Inc.",Tenured,"Sunnyside Queens, NYC",Queens,NY,Multifamily,Equity,Value Add,15.7,2.01,4.3,Quarterly,5,10/31/2018,8,50000,47.8,Accredited Investors Only,No,No,,6/19/2017,Closed,,,,,10/4/2019,,,,
Virtua Partners,Emerging,Virtua High Growth Fund III,Multiple Locations,Multiple Locations,Multi-Use,Equity Fund,Opportunistic,30,2.2,,,3,,15,50000,,Accredited Investors Only,No,No,,6/19/2017,Closed,8/29/2018,8/29/2018,6/28/2019,6/28/2019,7/1/2019,0.1,0.2,,
Alpha Capital Partners,Seasoned,Alpha Healthcare Fund I,Multiple Locations,,Medical Office,Equity,Value Add,20,1.95,12,Monthly,4,7/25/2017,8,20000,71.8,Accredited Investors Only,No,No,,6/6/2017,Closed,6/30/2017,6/23/2017,9/30/2019,10/1/2019,3/29/2019,0.18,0.36,,
Urban Green,Seasoned,Burnside,Portland,OR,Multifamily,Equity,Development,22,1.93,,Quarterly,4,12/1/2018,,25000,,Accredited Investors Only,No,No,,5/10/2017,Realized,6/30/2018,6/22/2018,6/30/2018,6/22/2018,6/15/2019,1.6,3.19,6/20/2018,-58.7
Block Funds,Tenured,46 Penn Centre,Kansas City,MO,Office,Equity,Development,14.75,3.33,8.1,Annually,10,1/31/2020,,50000,70,Accredited Investors Only,No,No,,5/5/2017,Closed,,,,,9/3/2019,,,,
RREAF,Tenured,Days Inn Pensacola,Pensacola,FL,Hospitality,Equity,Value Add,32,2.16,14.8,Quarterly,3,8/31/2017,8,25000,68,Accredited Investors Only,No,No,,5/4/2017,Closed,3/31/2017,8/11/2017,6/30/2019,7/30/2019,9/17/2019,0.17,0.35,,
"Windmill Investments, LLC",Seasoned,Clear Point Gardens,Columbus,OH,Multifamily,Equity,Value Add,16.7,1.95,8,Quarterly,5,7/1/2017,,50000,,Accredited Investors Only,No,No,,5/2/2017,Realized,6/30/2017,6/30/2017,8/28/2018,8/28/2018,4/4/2019,1.54,3.08,,49.67
Encore Enterprises,Tenured,Encore GP Investment Fund,Multiple Locations,,Multi-Use,Equity Fund,Value Add,21,1.8,,Quarterly,6,1/15/2019,8,50000,80,Accredited Investors Only,No,No,,5/2/2017,Closed,12/31/2018,12/31/2018,9/30/2019,9/30/2019,9/10/2019,,0.01,,
Avistone,Emerging,Northgate Business Park III,Dallas,TX,Industrial,Equity,Core Plus,13.2,1.8,8,Monthly,5,,8,50000,62.97,Accredited Investors Only,No,No,,4/21/2017,Closed,4/30/2017,5/15/2017,8/31/2019,9/15/2019,9/24/2019,0.17,0.33,,
"Capital Commercial Investments, Inc.",Tenured,CCI-Cottonwood,Irving,TX,Office,Equity,Value Add,20.8,2.1,10,,4,,8,25000,60,Accredited Investors Only,No,No,,4/19/2017,Closed,,,,,3/11/2019,,,,
Vukota Capital Management,Seasoned,Torrey Pines Apartment Homes,Denver,CO,Multifamily,Equity,Value Add,13.6,2.7,9.6,Quarterly,10,7/1/2017,8,25000,72.38,Accredited Investors Only,No,No,,4/17/2017,Closed,5/31/2017,6/22/2017,10/25/2019,10/25/2019,3/7/2019,0.2,0.4,,
Dominion Diversified Real Estate Group,Seasoned,Comfort Inn at Monticello,Charlottesville,VA,Hospitality,Equity,Core Plus,21.3,2.23,15,Quarterly,5,6/1/2017,9,25000,72.92,Accredited Investors Only,No,No,,3/22/2017,Closed,9/30/2017,9/5/2017,9/30/2018,10/9/2018,8/13/2019,0.08,0.15,,
Alpha Capital Partners,Seasoned,Lake Land Living,Mattoon,IL,Multifamily,Equity,Value Add,24.9,2.55,17.6,Monthly,5,5/1/2017,10,20000,73.8,Accredited Investors Only,No,No,,3/20/2017,Closed,6/30/2017,6/23/2017,3/31/2018,5/18/2018,3/29/2019,0.09,0.18,,
Fiola Communities,Emerging,FC Alondra 37,Norwalk,CA,Multifamily,Equity,Value Add,18.8,1.41,19,Quarterly,2,,8,30000,66.8,Accredited Investors Only,No,No,,3/16/2017,Realized,,,,,3/16/2018,,,,
Westmount Realty Equities,Tenured,Westmount at London Park,Houston,TX,Multifamily,Equity,Value Add,15.2,1.9,9.8,Quarterly,5,,9,25000,68.57,Accredited Investors Only,No,No,,3/16/2017,Closed,3/31/2017,4/21/2017,6/30/2019,7/25/2019,3/15/2019,0.24,0.48,,
The Dolben Company,Tenured,Residences at Great Pond,Randolph,MA,Multifamily,Equity,Development,14.4,2.4,7.3,Quarterly,7,1/15/2019,8,50000,72.37,Accredited Investors Only,No,No,,3/12/2017,Closed,12/31/2018,12/31/2018,1/31/2019,1/31/2019,3/13/2019,0.36,0.71,,
Block Funds,Tenured,Traders on Grand,Kansas City,MO,Mixed Use,Equity,Development,25.7,3.4,19.8,Quarterly,7,1/15/2020,10,50000,54.2,Accredited Investors Only,No,No,,3/8/2017,Closed,,,,,7/30/2019,,,,
Big V Acquisitions LLC,Seasoned,Gunbarrel Place,Chattanooga,TN,Retail,Equity,Value Add,21.4,2.8,10.7,Quarterly,6,,8,25000,70.4,Accredited Investors Only,No,No,,3/7/2017,Closed,3/31/2017,4/17/2017,9/30/2019,9/20/2019,3/12/2019,0.49,0.98,,
Hayman Properties,Seasoned,Parkway Office Centre (dba Vibe Arts District),Denver,CO,Office,Equity,Value Add,18.7,1.9,8,Monthly,4,2/1/2017,8,25000,71.78,Accredited Investors Only,No,No,,3/1/2017,Closed,3/31/2017,4/17/2017,4/27/2018,4/27/2018,7/27/2019,0.09,0.17,,
Mainstreet,Seasoned,Southern Wesleyan Residence Hall,Central,SC,Multifamily,Equity,Development,17,2.13,6.27,Quarterly,5,12/30/2017,9,10000,75,Accredited Investors Only,No,No,,2/16/2017,Closed,12/31/2017,1/5/2018,3/31/2019,4/25/2019,8/6/2019,0.12,0.23,,
Ilan Investments,Tenured,Vineyard Springs,San Antonio,TX,Multifamily,Preferred Equity,Core Plus,15.3,2.14,7.5,Quarterly,6,1/1/2017,7.5,50000,68.89,Accredited Investors Only,No,No,,2/10/2017,Closed,6/30/2017,6/30/2017,5/31/2019,6/30/2019,3/4/2019,0.17,0.35,,
WestPac,Tenured,Elevation Apartments,Okemos,MI,Multifamily,Equity,Development,21.7,2.79,15.3,Quarterly,6,12/31/2019,8,25000,78.71,Accredited Investors Only,No,No,,2/10/2017,Closed,,,,,3/15/2019,,,,
Vertical Ventures,Seasoned,Hellyer Oaks Technology Park,San Jose,CA,Office,Equity,Value Add,38.7,1.91,10.8,Quarterly,2,4/1/2017,10,25000,79.93,Accredited Investors Only,No,No,,2/10/2017,Closed,6/30/2017,7/17/2017,3/31/2019,3/8/2019,3/15/2019,1.08,2.15,,
ArborCrowd,Tenured,Clinton Hill Multifamily Portfolio,Brooklyn,NY,Multifamily,Portfolio,Value Add,13.5,1.75,3.5,Quarterly,4,,,25000,54.12,Accredited Investors Only,No,No,,2/7/2017,Closed,2/20/2019,2/21/2019,2/20/2019,2/21/2019,10/4/2019,0.16,0.32,,
Henry S. Miller,Tenured,Highway 66 Storage,Garland,TX,Storage,Equity,Development,23.1,2.77,8.5,Quarterly,5,2/15/2020,8.5,25000,75,Accredited Investors Only,No,No,,2/6/2017,Closed,,,,,4/10/2019,,,,
IntelliStay Hospitality,Emerging,IntelliStay Courtyard Tulsa,Tulsa,OK,Hospitality,Equity,Value Add,20.9,2.59,18.8,Monthly,7,,10,10000,68.53,Accredited Investors Only,No,No,,2/6/2017,Closed,5/31/2017,5/1/2017,9/30/2017,9/1/2017,3/12/2019,0.04,0.08,,
Bridgeton Holdings & Westview Group,Seasoned,Watt Hotel & Retail,Rahway,NJ,Hospitality,Equity,Opportunistic,20.7,2.28,14.8,Quarterly,5,4/16/2019,8,25000,68.5,Accredited Investors Only,No,No,,1/25/2017,Realized,5/7/2019,5/7/2019,5/7/2019,5/7/2019,,1.36,2.72,,25.68
Alpha Capital Partners,Seasoned,Vitae Residences,Denton,TX,Multifamily,Equity,Core Plus,20.1,2.25,10.1,Quarterly,5,,8,10000,72.5,Accredited Investors Only,No,No,,1/17/2017,Closed,3/31/2017,5/25/2017,3/31/2019,4/30/2019,3/28/2019,0.11,0.22,,
Ilan Investments,Tenured,Portofino at Las Colinas,Farmers Branch,TX,Multifamily,Equity,Core Plus,14.9,2.09,8,Quarterly,6,,8,50000,71.02,Accredited Investors Only,No,No,,12/28/2016,Closed,3/31/2017,5/3/2017,6/30/2019,7/31/2019,2/22/2019,0.2,0.4,,
Ilan Investments,Tenured,Domain at Kirby,Houston,TX,Multifamily,Equity,Core Plus,14.7,2.06,8,Semi Annually,6,4/1/2017,8,50000,81.38,Accredited Investors Only,No,No,,12/22/2016,Closed,6/30/2017,7/31/2017,6/30/2019,7/31/2019,2/22/2019,0.2,0.4,,
"Windmill Investments, LLC",Seasoned,Peanut Factory Lofts,San Antonio,TX,Multifamily,Equity,Core Plus,15.4,1.93,7.4,Quarterly,5,,,25000,72.58,Accredited Investors Only,No,No,,12/17/2016,Closed,6/30/2017,8/16/2017,6/30/2017,8/16/2017,3/27/2019,0.01,0.02,,
O'Donnell Group,Tenured,O'Donnell Opportunity Fund V,Multiple Locations,Multiple Locations,Multi-Use,Equity Fund,Core Plus,15,1.8,8,Quarterly,6,,10,25000,,Accredited Investors Only,No,No,,12/16/2016,Closed,3/31/2016,3/23/2017,5/31/2019,6/24/2019,10/14/2019,0.37,0.74,,
IntelliStay Hospitality,Emerging,IntelliStay Fairfield Tulsa,Tulsa,OK,Hospitality,Equity,Value Add,22.2,2.9,18.9,Monthly,7,2/28/2018,10,10000,80.2,Accredited Investors Only,No,No,,12/6/2016,Closed,5/31/2017,5/1/2017,5/31/2018,5/1/2018,3/12/2019,0.13,0.25,,
Alpha Capital Partners,Seasoned,The Washburn,Memphis,TN,Multifamily,Equity,Core Plus,20.7,2.28,12,Monthly,5,1/1/2017,8,10000,76.32,Accredited Investors Only,No,No,,11/16/2016,Closed,1/31/2017,2/20/2017,7/31/2019,9/6/2019,3/28/2019,0.18,0.36,,
Nicholas Residential,Emerging,Somerset & Stratton Park,Fort Worth,TX,Multifamily,Equity,Value Add,19.8,2.2,13.5,Monthly,5,12/31/2016,10,25000,73,Accredited Investors Only,No,No,,11/7/2016,Closed,12/31/2016,12/31/2016,9/12/2018,9/12/2018,10/15/2019,0.18,0.37,,
Vukota Capital Management,Seasoned,Tudor Heights,Omaha,NE,Multifamily,Equity,Value Add,14.8,2.8,11.5,Monthly,10,11/1/2016,8,25000,71.9,Accredited Investors Only,No,No,,11/1/2016,Closed,11/30/2016,12/21/2016,9/24/2018,9/24/2018,3/28/2019,0.19,0.38,,
Encore Enterprises,Tenured,Encore Phoenix,Phoenix,AZ,Multifamily,Equity,Development,18.3,2.3,8,,5,,8,100000,66,Accredited Investors Only,No,No,,10/26/2016,Closed,,,,,3/14/2019,,,,
TwinRock Partners,Seasoned,Lyfe @ Missouri,Columbia,MO,Multifamily,Equity,Core Plus,17.7,2.6,10.6,Quarterly,7,,8,50000,73.9,Accredited Investors Only,No,No,,10/25/2016,Closed,12/31/2016,2/12/2017,12/31/2016,2/12/2017,3/26/2019,0.02,0.05,,
Virtua Partners,Emerging,Addison Corporate Center,Windsor,CT,Office,Equity,Opportunistic,34.9,2.46,,,3,,15,25000,64.65,Accredited Investors Only,No,No,,10/17/2016,Closed,,,,,9/11/2019,,,,
Mascia Development,Seasoned,Cincinnati Medical Portfolio,Multiple Locations,OH,Office,Equity,Core Plus,15.2,3.25,9,Monthly,10,11/21/2016,,10000,57.42,Accredited Investors Only,No,No,,10/13/2016,Closed,1/2/1900,1/2/1900,6/15/2018,6/15/2018,3/8/2018,0.12,0.35,,
Fiola Communities,Emerging,San Dimas Apartments,San Dimas,CA,Multifamily,Equity,Value Add,27.7,1.55,1,Quarterly,2,12/31/2017,8,30000,66.3,Accredited Investors Only,No,No,,10/5/2016,Closed,,,,,3/14/2018,,,,
Block Funds,Tenured,Village at Juban Lakes,Denham Springs,LA,Multifamily,Equity,Core Plus,14.3,2.9,9.9,Monthly,10,4/1/2018,,37633,70.06,Accredited Investors Only,No,No,,9/28/2016,Closed,8/31/2016,8/31/2016,9/10/2019,9/10/2019,4/12/2019,0.17,0.51,,
O'Donnell Group,Tenured,E-Commerce Distribution Center,Memphis,TN,Industrial,Equity,Value Add,25.2,2.93,7.7,Quarterly,5,,10,50000,72,Accredited Investors Only,No,No,,9/18/2016,Closed,1/31/2017,1/8/2018,6/30/2019,6/24/2019,3/25/2019,1.25,3.75,,
Alpha Capital Partners,Seasoned,Front Street Properties,Memphis,TN,Multifamily,Equity,Core Plus,19.9,2.24,12.6,Monthly,5,,8,10000,76.71,Accredited Investors Only,No,No,,9/15/2016,Closed,10/31/2016,11/18/2016,11/30/2018,12/24/2018,3/29/2019,0.09,0.28,,
Mirzam Venture Capital,Emerging,Fountains of Fellsmere,Fellsmere,FL,Senior Housing,Mezzanine Debt,Development,11.2,1.6,8,Quarterly,5,,7,20000,19.2,Accredited Investors Only,No,No,,9/11/2016,Closed,9/30/2016,10/18/2016,12/31/2018,1/14/2019,,0.2,0.59,,
Charter Stone Capital,Seasoned,Entrance at Lakeway,Lakeway,TX,Retail,Equity,Value Add,20.7,1.5,7.6,Monthly,2,,10,25000,60,Accredited Investors Only,No,No,,9/9/2016,Closed,9/30/2016,10/5/2016,12/31/2018,1/1/2019,2/21/2019,0.22,0.66,,
Olympus Property,Tenured,Olympus Fund V,Multiple Locations,Multiple Locations,Multifamily,Equity Fund,Core,10,1.54,7.8,Quarterly,6,,7,25000,72,Accredited Investors Only,No,No,,8/26/2016,Closed,2/28/2015,2/1/2016,3/31/2019,3/31/2019,10/3/2019,0.35,1.05,,
ScanlanKemperBard,Tenured,Hoyt20,Portland,OR,Multifamily,Equity,Development,17.3,2.2,10.7,,7,,,25000,,Accredited Investors Only,No,No,,8/25/2016,Realized,12/31/2018,11/15/2018,6/30/2019,6/10/2019,4/22/2019,1.58,4.74,,27.48
Ilan Investments,Tenured,Tampa Woods - Class B,Tampa,FL,Multifamily,Preferred Equity,Core Plus,14.5,2.7,9,Semi Annually,10,,9,50000,75,Accredited Investors Only,No,No,,8/9/2016,Closed,11/30/2016,11/29/2016,6/30/2019,7/31/2019,2/22/2019,0.26,0.78,,
Virtua Partners,Emerging,Virtua High Growth Fund II,Multiple Locations,Multiple Locations,Multi-Use,Equity Fund,Opportunistic,30,2.2,,,3,,15,25000,,Accredited Investors Only,No,No,,7/31/2016,Closed,11/30/2017,11/10/2017,4/10/2019,4/10/2019,7/19/2019,0.16,0.49,,
Franklin Realty,Seasoned,Franklin Opportunity Fund II,Lehigh Valley,PA,Office,Equity Fund,Value Add,17.7,2,8,Quarterly,5,,8,25000,,Accredited Investors Only,No,No,,7/28/2016,Closed,6/30/2016,7/15/2016,10/11/2019,10/11/2019,8/15/2019,0.27,0.82,,
KRI Capital Partners,Seasoned,Arbours at Garden Grove,Winter Haven,FL,Multifamily,Equity,Core Plus,17.1,2.04,8,Quarterly,5,,8,25000,71.8,Accredited Investors Only,No,No,,7/27/2016,Closed,9/30/2016,10/24/2016,6/30/2019,7/25/2019,10/15/2019,0.82,2.45,,
Block Funds,Tenured,The WaterSide Residences,Lenexa,KS,Multifamily,Equity,Development,23,2.4,17.6,Quarterly,5,,8,50500,76.01,Accredited Investors Only,No,No,,7/20/2016,Closed,4/15/2016,4/15/2016,9/10/2019,9/10/2019,5/1/2019,1,2.99,,
Core Properties West,Emerging,Chameleon Apartments,Seattle,WA,Multifamily,Equity,Value Add,35.8,2.5,4.4,Monthly,3,6/1/2017,8,50000,78.1,Accredited Investors Only,No,No,,7/7/2016,Closed,,,,,,,,,
Arrowpoint Properties,Emerging,River's Edge,Haverhill,MA,Multifamily,Equity,Value Add,28.1,3.84,16,Quarterly,7,,8,25000,78.77,Accredited Investors Only,No,No,,6/20/2016,Closed,12/31/2016,1/12/2017,6/30/2019,7/16/2019,3/6/2019,0.39,1.16,,
Everest Healthcare Properties,Seasoned,Everest West Central,Delaware,OH,Office,Equity,Value Add,20.2,2.29,9.6,Monthly,5,,7,25000,74.87,Accredited Investors Only,No,No,,5/15/2016,Closed,5/31/2016,6/1/2016,10/31/2019,9/30/2019,3/5/2019,0.22,0.67,,
IntelliStay Hospitality,Emerging,IntelliStay Lima,Lima,OH,Hospitality,Equity,Value Add,23.6,2.3,18.8,Monthly,5,,10,10000,67.2,Accredited Investors Only,No,No,,5/15/2016,Closed,8/31/2016,8/1/2016,8/31/2019,8/1/2019,3/12/2019,0.44,1.32,,
Mascia Development,Seasoned,Val Verde Place,La Vista,NE,Retail,Equity,Value Add,15.8,1.95,8.2,Quarterly,5,,,10000,64.78,Accredited Investors Only,No,No,,5/12/2016,Closed,1/2/1900,1/2/1900,6/30/2018,6/15/2018,3/10/2018,0.11,0.32,,
Virtua Partners,Emerging,Plymouth Meeting,Plymouth Meeting,PA,Hospitality,Equity,Value Add,21.7,2.4,10,Monthly,5,,,25000,83.27,Accredited Investors Only,No,No,,5/12/2016,Closed,,,,,5/25/2018,,,,
Brooklyn Standard Properties,Emerging,West 107th,New York,NY,Multifamily,Equity,Value Add,14,1.6,9.6,Annually,5,,8,10000,69.57,Accredited Investors Only,No,No,,4/30/2016,Closed,12/31/2016,1/26/2017,3/31/2017,5/4/2017,3/14/2019,0.01,0.04,,
"SMARTCAP, Inc.",Seasoned,South Seattle Business Park,Seattle,WA,Mixed Use,Equity,Value Add,20.4,2.3,8.6,Quarterly,5,,,25000,,Accredited Investors Only,No,No,,4/19/2016,Realized,9/30/2016,10/20/2016,5/24/2019,5/24/2019,3/14/2019,2.31,6.92,,70.19
Denholtz Properties,Tenured,490 First Avenue,St. Petersburg,FL,Office,Equity,Value Add,19.7,2.3,8,Quarterly,5,,,25000,,Accredited Investors Only,No,No,,4/12/2016,Realized,6/30/2016,6/30/2016,6/30/2019,6/30/2019,3/28/2019,1.57,4.7,12/17/2018,28.52
Encore Enterprises,Tenured,Encore GP Acquisition Fund II,Multiple Locations,Multiple Locations,Multi-Use,Equity Fund,Opportunistic,24,2.1,,,6,,8,25000,,Accredited Investors Only,No,No,,2/23/2016,Closed,2/28/2017,12/31/2017,9/30/2019,9/30/2019,9/10/2019,0.02,0.06,,
Emerge Investments,Emerging,Ivy at Clear Creek,Houston,TX,Multifamily,Equity,Value Add,19.6,2.24,10.2,Quarterly,5,,8,25000,71.45,Accredited Investors Only,No,No,,2/12/2016,Realized,6/30/2016,7/20/2016,5/1/2019,6/25/2019,4/2/2018,1.69,5.08,,28.71
IntelliStay Hospitality,Emerging,IntelliStay Boonville,Boonville,MO,Hospitality,Equity,Value Add,24.3,2.4,21.2,Monthly,5,,10,15000,79.32,Accredited Investors Only,No,No,,2/12/2016,Closed,4/30/2016,4/1/2016,8/31/2019,8/1/2019,9/9/2019,0.54,1.63,,
Cadence Asset Management,Seasoned,Cadence Retail Income Fund,Multiple Locations,Multiple Locations,Multi-Use,Equity Fund,Value Add,15,2.01,5.5,Quarterly,5,4/11/2016,7,50000,,Accredited Investors Only,No,No,,2/12/2016,Closed,,,,,,,,,
Denholtz Properties,Tenured,100 East Pine Street,Orlando,FL,Office,Equity,Value Add,17.6,2.08,8,Quarterly,5,,8,25000,79.45,Accredited Investors Only,No,No,,2/11/2016,Closed,3/31/2016,3/31/2016,9/29/2019,9/30/2019,3/7/2019,0.72,2.15,,
Virtua Partners,Emerging,Britannia Business Center I,Pleasanton,CA,Office,Equity,Opportunistic,30,2.2,19.24,Quarterly,3,12/31/2019,15,25000,59.71,Accredited Investors Only,No,No,,1/28/2016,Closed,,,,,5/24/2018,,,,
Keystone Property Group,Tenured,1200 Corporate Place,Boca Raton,FL,Office,Preferred Equity,Core Plus,14.4,1.82,9,,5,,8.5,25000,81.04,Accredited Investors Only,No,No,,1/13/2016,Closed,,,,,,,,,
Urban Green,Seasoned,Welbrook Santa Monica Memory Care,Santa Monica,CA,Senior Housing,Equity,Opportunistic,22.1,2.6,19.2,Quarterly,5,3/31/2020,10,25000,61.8,Accredited Investors Only,No,No,,1/5/2016,Closed,,,,,4/10/2019,,,,
Global Senior Housing,Emerging,New Haven Assisted Living,Spring,TX,Senior Housing,Preferred Equity,Opportunistic,24.3,2.1,,Quarterly,5,,10,10000,75.7,Accredited Investors Only,No,No,,1/4/2016,Closed,12/31/2015,12/31/2015,3/31/2018,3/31/2018,3/15/2019,0.24,0.71,,
Encore Enterprises,Tenured,Harrisonburg DoubleTree,Harrisonburg,VA,Hospitality,Equity,Value Add,19.5,2.2,25.51,Quarterly,5,4/30/2018,8,25000,61,Accredited Investors Only,No,No,,1/2/2016,Closed,3/31/2018,3/31/2018,9/30/2019,9/30/2019,9/6/2019,0.05,0.15,,
Hayman Properties,Seasoned,ABB Corporate,Westerville,OH,Office,Equity,Value Add,17.5,1.57,8,Quarterly,3,,8,25000,72.76,Accredited Investors Only,No,No,,1/1/2016,Closed,3/31/2016,4/20/2016,4/19/2018,4/19/2018,7/27/2019,0.18,0.54,,
Olympus Property,Tenured,Olympus Fund IV,Multiple Locations,Multiple Locations,Multi-Use,Equity Fund,Core,11.41,7.8,11.88,Quarterly,5,,7,25000,74.3,Accredited Investors Only,No,No,,11/20/2015,Closed,2/28/2015,5/1/2015,3/31/2019,3/31/2019,10/3/2019,0.32,0.96,,
Westmount Realty Equities,Tenured,Westmount at Colonnade,Grand Prairie,TX,Multifamily,Equity,Value Add,18.3,2.09,10.65,Quarterly,5,,10,25000,72.52,Accredited Investors Only,No,No,,11/16/2015,Realized,12/31/2015,1/26/2016,12/20/2018,1/31/2019,10/14/2019,1.52,4.55,,16.75
Kleban Properties,Seasoned,2321 University Blvd,Tuscaloosa,AL,Mixed Use,Equity,Value Add,19.3,2.1,14,Quarterly,5,,9,15000,69.24,Accredited Investors Only,No,No,,11/6/2015,Closed,3/31/2016,3/31/2016,6/30/2017,6/30/2017,3/6/2019,0.38,1.13,,
Bancroft,Tenured,Sixth Avenue West,Golden,CO,Office,Equity,Value Add,17,1.9,11.5,Quarterly,5,,8,25000,74.4,Accredited Investors Only,No,No,,10/2/2015,Closed,12/31/2015,2/9/2016,12/31/2016,2/15/2017,3/20/2018,0.11,0.45,,
Westmount Realty Equities,Tenured,Westmount at Summer Cove,Grand Prairie,TX,Multifamily,Equity,Value Add,18,2,11.1,Quarterly,5,,10,25000,71.2,Accredited Investors Only,No,No,,9/27/2015,Closed,12/31/2015,2/4/2016,6/30/2019,7/25/2019,10/14/2019,0.29,1.16,,
Capital Real Estate,Tenured,Ponderosa Ranch fka Sienna Apartments,Tempe,AZ,Multifamily,Equity,Value Add,17,2.03,8,Quarterly,5,,8,25000,69.7,Accredited Investors Only,No,No,,8/31/2015,Closed,1/31/2015,10/23/2015,10/24/2018,10/24/2018,3/5/2019,0.84,3.36,,
Aldwin Apartments,Emerging,Oak Chase,Fort Worth,TX,Multifamily,Equity,Value Add,16.5,1.81,8.6,Quarterly,5,,8,25000,76,Accredited Investors Only,No,No,,8/23/2015,Closed,12/31/2015,2/2/2016,6/30/2019,7/31/2019,4/3/2018,0.58,2.34,,
Phoinix Capital Partners,Emerging,1380 Garnet Retail Center,San Diego,CA,Retail,Equity,Opportunistic,23.7,1.53,7.47,Quarterly,2,,10,25000,49.8,Accredited Investors Only,No,No,,7/24/2015,Closed,,,,,3/21/2018,,,,
"The William Warren Group, Inc.",Tenured,StorQuest: Tempe / Warner (1063),Tempe,AZ,Storage,Equity,Core Plus,12.1,2.4,9.9,Quarterly,10,,8,25000,59,Accredited Investors Only,No,No,,6/30/2015,Closed,6/30/2015,7/15/2015,12/31/2018,1/15/2019,3/8/2019,0.28,1.12,,
Mainstreet,Seasoned,Mainstreet Bloomington,Bloomington,IN,Senior Housing,Mezzanine Debt,Core Plus,14,1.3,,Quarterly,2,,,10000,,Accredited Investors Only,No,No,,6/7/2015,Realized,6/30/2014,9/30/2014,8/15/2018,8/15/2018,,1.12,4.47,,3
"Windmill Investments, LLC",Seasoned,Timber Oaks Apartments,Midlothian,TX,Multifamily,Equity,Value Add,17.8,2.14,7.1,Quarterly,5,,,35000,,Accredited Investors Only,No,No,,6/4/2015,Realized,3/31/2015,5/15/2015,9/19/2018,9/19/2018,3/26/2019,1.63,6.51,,19.83
Aldwin Apartments,Emerging,Villas at LeBlanc Park,Fort Worth,TX,Multifamily,Equity,Value Add,19.6,1.73,,Quarterly,5,,,25000,,Accredited Investors Only,No,No,,4/16/2015,Realized,6/30/2015,7/29/2015,12/31/2017,12/12/2017,4/3/2018,1.42,5.69,,17.79
Urban Green,Seasoned,1924 Franklin,Oakland,CA,Office,Equity,Value Add,18.1,1.6,14.6,Quarterly,3,,10,25000,69,Accredited Investors Only,No,No,,4/3/2015,Realized,1/31/2016,12/12/2016,1/31/2016,12/12/2016,4/3/2019,0.25,1.01,,-26.85
EverWest Real Estate Partners,Tenured,30 Knightsbridge Rd,Piscataway,NJ,Office,Mezzanine Debt,Core Plus,10.5,1.64,10.5,Quarterly,5,,11.5,25000,,Accredited Investors Only,No,No,,1/27/2015,Closed,3/31/2015,1/8/2015,3/31/2019,4/1/2019,3/29/2019,0.39,1.57,,